Prefectural level or Country level,Provincial-level regions,地级行政区或县级行政区,省级行政区,2020-01-21,2020-01-22,2020-01-23,2020-01-24,2020-01-25,2020-01-26,2020-01-27,2020-01-28,2020-01-29,2020-01-30,2020-01-31,2020-02-01,2020-02-02,2020-02-03,2020-02-04,2020-02-05,2020-02-06,2020-02-07,2020-02-08,2020-02-09,2020-02-10,2020-02-11,2020-02-12,2020-02-13,2020-02-14,2020-02-15,2020-02-16,2020-02-17,2020-02-18,2020-02-19,2020-02-20,2020-02-21,2020-02-22,2020-02-23,2020-02-24,2020-02-25,2020-02-26,2020-02-27,2020-02-28,2020-02-29
,Beijing,,北京市,,,0.0,0.0,0.0,0.0,0.0,0.0,0.0,0.0,0.0,0.0,12.0,11.0,1.0,7.0,2.0,1.0,3.0,7.0,4.0,8.0,12.0,11.0,18.0,8.0,9.0,8.0,23.0,8.0,16.0,9.0,11.0,9.0,17.0,20.0,13.0,9.0,,
,Tianjing,,天津市,0.0,0.0,0.0,0.0,0.0,0.0,0.0,0.0,0.0,0.0,0.0,0.0,0.0,1.0,1.0,0.0,0.0,0.0,2.0,0.0,4.0,2.0,1.0,10.0,11.0,5.0,8.0,1.0,2.0,6.0,5.0,3.0,3.0,16.0,6.0,4.0,5.0,6.0,,
Tangshan,Hebei,唐山,河北省,,0.0,0.0,0.0,0.0,0.0,0.0,0.0,0.0,0.0,0.0,0.0,0.0,0.0,0.0,0.0,0.0,2.0,0.0,0.0,0.0,1.0,0.0,1.0,0.0,5.0,0.0,1.0,1.0,2.0,3.0,3.0,1.0,0.0,7.0,3.0,6.0,,,
Cangzhou,Hebei,滄州,河北省,,0.0,0.0,0.0,0.0,0.0,0.0,0.0,0.0,0.0,0.0,0.0,0.0,0.0,0.0,0.0,2.0,2.0,2.0,2.0,2.0,2.0,0.0,0.0,2.0,0.0,4.0,0.0,0.0,0.0,4.0,0.0,4.0,2.0,3.0,2.0,2.0,,,
Zhangjiakou,Hebei,張家口,河北省,,0.0,0.0,0.0,0.0,0.0,0.0,0.0,0.0,0.0,0.0,0.0,0.0,0.0,0.0,0.0,1.0,0.0,0.0,1.0,0.0,0.0,1.0,1.0,3.0,2.0,0.0,0.0,6.0,0.0,9.0,1.0,1.0,2.0,4.0,0.0,0.0,,,
Baoding,Hebei,保定,河北省,,0.0,0.0,0.0,0.0,0.0,0.0,0.0,0.0,0.0,0.0,2.0,0.0,0.0,0.0,2.0,0.0,4.0,0.0,0.0,1.0,0.0,2.0,0.0,6.0,2.0,2.0,5.0,1.0,0.0,0.0,2.0,0.0,0.0,3.0,0.0,0.0,,,
Handan,Hebei,邯鄲,河北省,,0.0,0.0,0.0,0.0,0.0,0.0,0.0,0.0,0.0,0.0,0.0,0.0,0.0,0.0,0.0,2.0,0.0,0.0,0.0,1.0,0.0,2.0,2.0,2.0,0.0,1.0,0.0,2.0,1.0,4.0,2.0,3.0,4.0,1.0,1.0,1.0,,,
Langfang,Hebei,廊坊,河北省,,0.0,0.0,0.0,0.0,0.0,0.0,0.0,0.0,0.0,0.0,1.0,0.0,0.0,0.0,0.0,3.0,0.0,0.0,1.0,0.0,3.0,0.0,4.0,0.0,2.0,0.0,2.0,2.0,2.0,1.0,1.0,3.0,2.0,1.0,0.0,2.0,,,
Shijiazhuang,Hebei,石家莊,河北省,,0.0,0.0,0.0,0.0,0.0,0.0,0.0,0.0,0.0,0.0,0.0,0.0,0.0,1.0,1.0,1.0,0.0,0.0,0.0,0.0,0.0,0.0,1.0,3.0,0.0,0.0,4.0,0.0,2.0,1.0,1.0,4.0,2.0,1.0,0.0,0.0,,,
Xingtai,Hebei,邢台,河北省,,0.0,0.0,0.0,0.0,0.0,0.0,0.0,0.0,0.0,0.0,0.0,0.0,0.0,0.0,0.0,0.0,1.0,3.0,0.0,0.0,1.0,0.0,3.0,0.0,2.0,0.0,0.0,0.0,0.0,3.0,2.0,3.0,1.0,0.0,1.0,2.0,,,
Qinhuangdao,Hebei,秦皇島,河北省,,0.0,0.0,0.0,0.0,0.0,0.0,0.0,0.0,0.0,0.0,0.0,0.0,0.0,0.0,0.0,0.0,0.0,0.0,0.0,0.0,0.0,0.0,2.0,0.0,1.0,0.0,0.0,1.0,0.0,1.0,1.0,0.0,2.0,0.0,0.0,0.0,,,
Hengshui,Hebei,衡水,河北省,,0.0,0.0,0.0,0.0,0.0,0.0,0.0,0.0,0.0,0.0,0.0,0.0,0.0,0.0,0.0,0.0,0.0,0.0,0.0,2.0,0.0,0.0,2.0,0.0,0.0,0.0,2.0,0.0,0.0,0.0,0.0,1.0,1.0,0.0,0.0,0.0,,,
Chengde,Hebei,承德,河北省,,0.0,0.0,0.0,0.0,0.0,0.0,0.0,0.0,0.0,0.0,0.0,0.0,0.0,0.0,0.0,0.0,0.0,0.0,1.0,0.0,0.0,0.0,0.0,1.0,0.0,2.0,0.0,0.0,0.0,1.0,1.0,0.0,1.0,0.0,0.0,0.0,,,
Taiyuan,Shanxi,太原,山西省,,0.0,0.0,0.0,0.0,0.0,0.0,0.0,0.0,0.0,0.0,0.0,0.0,0.0,0.0,0.0,0.0,0.0,0.0,0.0,0.0,0.0,0.0,0.0,0.0,0.0,0.0,0.0,0.0,0.0,0.0,0.0,0.0,0.0,0.0,0.0,0.0,,,
Datong,Shanxi,大同,山西省,,0.0,0.0,0.0,0.0,0.0,0.0,0.0,0.0,0.0,0.0,0.0,0.0,0.0,0.0,0.0,0.0,0.0,0.0,0.0,0.0,0.0,0.0,0.0,0.0,0.0,0.0,0.0,0.0,0.0,0.0,0.0,0.0,0.0,0.0,0.0,0.0,,,
Yangquan,Shanxi,陽泉,山西省,,0.0,0.0,0.0,0.0,0.0,0.0,0.0,0.0,0.0,0.0,0.0,0.0,0.0,0.0,0.0,0.0,0.0,0.0,0.0,0.0,0.0,0.0,0.0,0.0,0.0,0.0,0.0,0.0,0.0,0.0,0.0,0.0,0.0,0.0,0.0,0.0,,,
Changzhi,Shanxi,長治,山西省,,0.0,0.0,0.0,0.0,0.0,0.0,0.0,0.0,0.0,0.0,0.0,0.0,0.0,0.0,0.0,0.0,0.0,0.0,0.0,0.0,0.0,0.0,0.0,0.0,0.0,0.0,0.0,0.0,0.0,0.0,0.0,0.0,0.0,0.0,0.0,0.0,,,
Jincheng,Shanxi,晉城,山西省,,0.0,0.0,0.0,0.0,0.0,0.0,0.0,0.0,0.0,0.0,0.0,0.0,0.0,0.0,0.0,0.0,0.0,0.0,0.0,0.0,0.0,0.0,0.0,0.0,0.0,0.0,0.0,0.0,0.0,0.0,0.0,0.0,0.0,0.0,0.0,0.0,,,
Shuozhou,Shanxi,朔州,山西省,,0.0,0.0,0.0,0.0,0.0,0.0,0.0,0.0,0.0,0.0,0.0,0.0,0.0,0.0,0.0,0.0,0.0,0.0,0.0,0.0,0.0,0.0,0.0,0.0,0.0,0.0,0.0,0.0,0.0,0.0,0.0,0.0,0.0,0.0,0.0,0.0,,,
Jinzhong,Shanxi,晉中,山西省,,0.0,0.0,0.0,0.0,0.0,0.0,0.0,0.0,0.0,0.0,0.0,0.0,0.0,0.0,0.0,0.0,0.0,0.0,0.0,0.0,0.0,0.0,0.0,0.0,0.0,0.0,0.0,0.0,0.0,0.0,0.0,0.0,0.0,0.0,0.0,0.0,,,
Xinzhou,Shanxi,忻州,山西省,,0.0,0.0,0.0,0.0,0.0,0.0,0.0,0.0,0.0,0.0,0.0,0.0,0.0,0.0,0.0,0.0,0.0,0.0,0.0,0.0,0.0,0.0,0.0,0.0,0.0,0.0,0.0,0.0,0.0,0.0,0.0,0.0,0.0,0.0,0.0,0.0,,,
Yuncheng,Shanxi,運城,山西省,,0.0,0.0,0.0,0.0,0.0,0.0,0.0,0.0,0.0,0.0,0.0,0.0,0.0,0.0,0.0,0.0,0.0,0.0,0.0,0.0,0.0,0.0,0.0,0.0,0.0,0.0,0.0,0.0,0.0,0.0,0.0,0.0,0.0,0.0,0.0,0.0,,,
Linfen,Shanxi,臨汾,山西省,,0.0,0.0,0.0,0.0,0.0,0.0,0.0,0.0,0.0,0.0,0.0,0.0,0.0,0.0,0.0,0.0,0.0,0.0,0.0,0.0,0.0,0.0,0.0,0.0,0.0,0.0,0.0,0.0,0.0,0.0,0.0,0.0,0.0,0.0,0.0,0.0,,,
LuLiang,Shanxi,呂梁,山西省,,0.0,0.0,0.0,0.0,0.0,0.0,0.0,0.0,0.0,0.0,0.0,0.0,0.0,0.0,0.0,0.0,0.0,0.0,0.0,0.0,0.0,0.0,0.0,0.0,0.0,0.0,0.0,0.0,0.0,0.0,0.0,0.0,0.0,0.0,0.0,0.0,,,
Xilin,Inner Mongolia,錫林,内蒙古自治区,,,,,0.0,0.0,0.0,0.0,0.0,0.0,0.0,0.0,0.0,0.0,0.0,1.0,0.0,0.0,0.0,0.0,0.0,0.0,0.0,0.0,0.0,0.0,0.0,0.0,0.0,0.0,0.0,0.0,0.0,1.0,0.0,0.0,0.0,,,
Baotou,Inner Mongolia,包頭,内蒙古自治区,,,,,0.0,0.0,0.0,0.0,0.0,0.0,0.0,0.0,0.0,0.0,0.0,0.0,0.0,0.0,0.0,0.0,0.0,0.0,0.0,0.0,0.0,0.0,0.0,0.0,0.0,1.0,1.0,0.0,2.0,0.0,1.0,0.0,0.0,,,
Hohhot,Inner Mongolia,呼和浩特,内蒙古自治区,,,,,0.0,0.0,0.0,0.0,0.0,0.0,0.0,0.0,0.0,0.0,0.0,0.0,0.0,0.0,0.0,0.0,0.0,0.0,0.0,0.0,0.0,0.0,0.0,0.0,0.0,1.0,1.0,0.0,0.0,0.0,0.0,0.0,0.0,,,
Tongbian,Inner Mongolia,通邊,内蒙古自治区,,,,,0.0,0.0,0.0,0.0,0.0,0.0,0.0,0.0,0.0,0.0,0.0,0.0,0.0,0.0,0.0,0.0,0.0,0.0,0.0,0.0,0.0,0.0,0.0,0.0,0.0,0.0,0.0,1.0,0.0,0.0,0.0,0.0,1.0,,,
Chifeng,Inner Mongolia,赤峰,内蒙古自治区,,,,,0.0,0.0,0.0,0.0,0.0,0.0,0.0,0.0,0.0,0.0,0.0,0.0,0.0,1.0,0.0,0.0,0.0,0.0,1.0,0.0,0.0,0.0,0.0,0.0,1.0,0.0,0.0,0.0,0.0,0.0,0.0,1.0,1.0,,,
Hulunbuir,Inner Mongolia,呼倫貝爾,内蒙古自治区,,,,,0.0,0.0,0.0,0.0,0.0,0.0,0.0,0.0,0.0,0.0,0.0,0.0,1.0,0.0,0.0,0.0,0.0,0.0,0.0,0.0,0.0,0.0,0.0,0.0,0.0,0.0,1.0,0.0,2.0,0.0,0.0,0.0,0.0,,,
Bayannur,Inner Mongolia,巴彥淖爾,内蒙古自治区,,,,,0.0,0.0,0.0,0.0,0.0,0.0,0.0,0.0,0.0,0.0,0.0,0.0,0.0,0.0,0.0,0.0,0.0,0.0,0.0,0.0,0.0,0.0,0.0,0.0,0.0,0.0,0.0,3.0,0.0,3.0,0.0,0.0,0.0,,,
Ordos,Inner Mongolia,鄂爾多斯,内蒙古自治区,,,,,0.0,0.0,0.0,0.0,0.0,0.0,0.0,0.0,0.0,0.0,0.0,2.0,0.0,0.0,0.0,0.0,0.0,0.0,0.0,0.0,0.0,1.0,0.0,0.0,0.0,0.0,2.0,2.0,0.0,0.0,2.0,0.0,0.0,,,
Wuhai,Inner Mongolia,烏海,内蒙古自治区,,,,,0.0,0.0,0.0,0.0,0.0,0.0,0.0,0.0,0.0,0.0,0.0,0.0,0.0,0.0,0.0,0.0,0.0,0.0,0.0,0.0,0.0,0.0,0.0,0.0,0.0,0.0,0.0,0.0,0.0,0.0,1.0,0.0,0.0,,,
Ulaan Chab,Inner Mongolia,烏蘭察布,内蒙古自治区,,,,,0.0,0.0,0.0,0.0,0.0,0.0,0.0,0.0,0.0,0.0,0.0,0.0,0.0,0.0,0.0,0.0,0.0,0.0,0.0,0.0,0.0,0.0,1.0,0.0,0.0,0.0,0.0,0.0,0.0,0.0,0.0,0.0,1.0,,,
Daxinganling,Inner Mongolia,兴安盟,内蒙古自治区,,,,,0.0,0.0,0.0,0.0,0.0,0.0,0.0,0.0,0.0,0.0,0.0,0.0,0.0,0.0,0.0,0.0,0.0,0.0,0.0,0.0,0.0,0.0,0.0,0.0,0.0,0.0,0.0,0.0,0.0,0.0,0.0,0.0,0.0,,,
Shenyang,Liaoning,瀋陽,辽宁省,,,,,,,,,,,,,,,,,,,,,,,,,,,,,,,,,,,,,,,,
Dalian,Liaoning,大連,辽宁省,,,,,,,,,,,,,,,,,,,,,,,,,,,,,,,,,,,,,,,,
Anshan,Liaoning,鞍山,辽宁省,,,,,,,,,,,,,,,,,,,,,,,,,,,,,,,,,,,,,,,,
Benxi,Liaoning,本溪,辽宁省,,,,,,,,,,,,,,,,,,,,,,,,,,,,,,,,,,,,,,,,
Dandong,Liaoning,丹東,辽宁省,,,,,,,,,,,,,,,,,,,,,,,,,,,,,,,,,,,,,,,,
Jinzhou,Liaoning,錦州,辽宁省,,,,,,,,,,,,,,,,,,,,,,,,,,,,,,,,,,,,,,,,
Yingkou,Liaoning,營口,辽宁省,,,,,,,,,,,,,,,,,,,,,,,,,,,,,,,,,,,,,,,,
Fuxin,Liaoning,阜新,辽宁省,,,,,,,,,,,,,,,,,,,,,,,,,,,,,,,,,,,,,,,,
Liaoyang,Liaoning,遼陽,辽宁省,,,,,,,,,,,,,,,,,,,,,,,,,,,,,,,,,,,,,,,,
Chaoyang,Liaoning,朝陽,辽宁省,,,,,,,,,,,,,,,,,,,,,,,,,,,,,,,,,,,,,,,,
Tieling,Liaoning,鐵岭,辽宁省,,,,,,,,,,,,,,,,,,,,,,,,,,,,,,,,,,,,,,,,
Panjin,Liaoning,盤錦,辽宁省,,,,,,,,,,,,,,,,,,,,,,,,,,,,,,,,,,,,,,,,
Huludao,Liaoning,葫蘆島,辽宁省,,,,,,,,,,,,,,,,,,,,,,,,,,,,,,,,,,,,,,,,
Changchun,Jilin,長春,吉林省,,0.0,0.0,0.0,0.0,0.0,0.0,0.0,0.0,1.0,0.0,0.0,0.0,0.0,0.0,0.0,0.0,0.0,0.0,5.0,0.0,5.0,0.0,2.0,0.0,1.0,2.0,3.0,0.0,0.0,2.0,1.0,4.0,1.0,5.0,1.0,0.0,,,
Siping,Jilin,四平,吉林省,,0.0,0.0,0.0,0.0,0.0,0.0,0.0,0.0,0.0,0.0,0.0,0.0,0.0,0.0,0.0,0.0,0.0,0.0,0.0,1.0,0.0,1.0,0.0,0.0,2.0,0.0,0.0,0.0,3.0,1.0,0.0,1.0,0.0,0.0,1.0,1.0,,,
Jilin,Jilin,吉林,吉林省,,0.0,0.0,0.0,0.0,0.0,0.0,0.0,0.0,0.0,0.0,0.0,0.0,0.0,0.0,1.0,1.0,0.0,0.0,0.0,0.0,0.0,1.0,0.0,0.0,-1.0,1.0,0.0,0.0,0.0,1.0,0.0,1.0,0.0,0.0,0.0,0.0,,,
Yanbian,Jilin,延邊,吉林省,,0.0,0.0,0.0,0.0,0.0,0.0,0.0,0.0,0.0,0.0,0.0,0.0,0.0,0.0,0.0,0.0,0.0,0.0,2.0,0.0,0.0,0.0,0.0,0.0,0.0,0.0,0.0,2.0,0.0,0.0,0.0,0.0,0.0,1.0,0.0,0.0,,,
Gongzhuling,Jilin,公主岭,吉林省,,0.0,0.0,0.0,0.0,0.0,0.0,0.0,0.0,0.0,0.0,0.0,0.0,0.0,0.0,0.0,1.0,0.0,0.0,0.0,0.0,0.0,1.0,0.0,0.0,0.0,0.0,0.0,0.0,0.0,0.0,1.0,0.0,0.0,0.0,0.0,1.0,,,
Songyuan,Jilin,松原,吉林省,,0.0,0.0,0.0,0.0,0.0,0.0,0.0,0.0,0.0,0.0,0.0,0.0,0.0,0.0,0.0,0.0,0.0,1.0,0.0,0.0,0.0,0.0,0.0,0.0,0.0,0.0,0.0,0.0,1.0,0.0,0.0,0.0,0.0,0.0,0.0,0.0,,,
Tonghua,Jilin,通化,吉林省,,0.0,0.0,0.0,0.0,0.0,0.0,0.0,0.0,0.0,0.0,0.0,0.0,0.0,0.0,0.0,0.0,0.0,0.0,0.0,0.0,0.0,0.0,0.0,0.0,0.0,0.0,1.0,0.0,0.0,0.0,0.0,0.0,1.0,0.0,0.0,0.0,,,
Liaoyuan,Jilin,遼源,吉林省,,0.0,0.0,0.0,0.0,0.0,0.0,0.0,0.0,0.0,0.0,0.0,0.0,0.0,0.0,0.0,0.0,0.0,0.0,0.0,0.0,0.0,1.0,0.0,0.0,0.0,0.0,0.0,0.0,0.0,0.0,0.0,0.0,0.0,0.0,1.0,0.0,,,
Meihekou,Jilin,梅河口,吉林省,,0.0,0.0,0.0,0.0,0.0,0.0,0.0,0.0,0.0,0.0,0.0,0.0,0.0,0.0,0.0,0.0,0.0,0.0,0.0,0.0,0.0,0.0,1.0,0.0,0.0,0.0,0.0,0.0,0.0,0.0,0.0,0.0,0.0,0.0,0.0,0.0,,,
Baicheng,Jilin,白城市,吉林省,,0.0,0.0,0.0,0.0,0.0,0.0,0.0,0.0,0.0,0.0,0.0,0.0,0.0,0.0,0.0,0.0,0.0,0.0,0.0,0.0,0.0,0.0,0.0,0.0,0.0,0.0,0.0,0.0,0.0,0.0,0.0,0.0,0.0,0.0,0.0,0.0,,,
Harbin,Heilongjiang,哈尔滨市,黑龙江省,,0.0,0.0,0.0,0.0,0.0,0.0,0.0,0.0,0.0,0.0,2.0,0.0,0.0,2.0,2.0,0.0,3.0,0.0,0.0,6.0,0.0,0.0,0.0,4.0,11.0,2.0,0.0,14.0,2.0,7.0,20.0,2.0,0.0,0.0,0.0,1.0,,,
Shuangyashan,Heilongjiang,雙鴨山,黑龙江省,,0.0,0.0,0.0,0.0,0.0,0.0,0.0,0.0,0.0,0.0,0.0,0.0,0.0,0.0,1.0,0.0,0.0,0.0,0.0,0.0,0.0,0.0,0.0,0.0,0.0,0.0,3.0,0.0,4.0,3.0,5.0,3.0,1.0,0.0,4.0,5.0,,,
Suihua,Heilongjiang,綏化,黑龙江省,,0.0,0.0,0.0,0.0,0.0,0.0,0.0,0.0,0.0,0.0,0.0,0.0,0.0,0.0,0.0,0.0,1.0,0.0,0.0,2.0,0.0,0.0,0.0,4.0,5.0,1.0,1.0,2.0,2.0,2.0,6.0,3.0,0.0,-27.0,33.0,0.0,,,
Jixi,Heilongjiang,雞西,黑龙江省,,0.0,0.0,0.0,0.0,0.0,0.0,0.0,0.0,0.0,0.0,0.0,0.0,0.0,0.0,0.0,0.0,0.0,0.0,1.0,0.0,0.0,0.0,0.0,0.0,0.0,1.0,0.0,1.0,0.0,-1.0,3.0,9.0,-13.0,19.0,2.0,5.0,,,
Qiqihar,Heilongjiang,齊齊哈爾,黑龙江省,,0.0,0.0,0.0,0.0,0.0,0.0,0.0,0.0,0.0,0.0,0.0,0.0,0.0,0.0,0.0,0.0,0.0,0.0,0.0,0.0,1.0,3.0,4.0,0.0,0.0,2.0,0.0,0.0,1.0,5.0,6.0,0.0,2.0,2.0,0.0,2.0,,,
Daqing,Heilongjiang,大慶,黑龙江省,,0.0,0.0,0.0,0.0,0.0,0.0,0.0,0.0,0.0,0.0,0.0,0.0,0.0,0.0,0.0,0.0,0.0,0.0,0.0,0.0,0.0,0.0,1.0,0.0,1.0,1.0,1.0,3.0,0.0,1.0,0.0,0.0,1.0,3.0,0.0,2.0,,,
qitaihe ,Heilongjiang,七台河,黑龙江省,,0.0,0.0,0.0,0.0,0.0,0.0,0.0,0.0,0.0,0.0,0.0,0.0,0.0,0.0,0.0,0.0,0.0,0.0,0.0,0.0,0.0,0.0,1.0,0.0,3.0,0.0,0.0,2.0,0.0,0.0,0.0,3.0,1.0,0.0,1.0,1.0,,,
Jiamusi,Heilongjiang,佳木斯,黑龙江省,,0.0,0.0,0.0,0.0,0.0,0.0,0.0,0.0,0.0,0.0,0.0,0.0,0.0,0.0,0.0,1.0,0.0,0.0,0.0,0.0,4.0,0.0,0.0,2.0,2.0,2.0,0.0,1.0,2.0,0.0,1.0,0.0,0.0,0.0,0.0,0.0,,,
Heihe,Heilongjiang,黑河,黑龙江省,,0.0,0.0,0.0,0.0,0.0,0.0,0.0,0.0,0.0,0.0,0.0,0.0,0.0,0.0,0.0,0.0,0.0,0.0,0.0,0.0,0.0,0.0,0.0,0.0,0.0,0.0,0.0,0.0,3.0,0.0,1.0,5.0,0.0,0.0,0.0,0.0,,,
Mudan,Heilongjiang,牡丹,黑龙江省,,0.0,0.0,0.0,0.0,0.0,0.0,0.0,0.0,0.0,0.0,0.0,0.0,0.0,0.0,0.0,0.0,0.0,1.0,0.0,0.0,0.0,0.0,0.0,0.0,0.0,0.0,0.0,0.0,0.0,0.0,0.0,5.0,1.0,0.0,1.0,1.0,,,
hegang,Heilongjiang,鶴岡,黑龙江省,,0.0,0.0,0.0,0.0,0.0,0.0,0.0,0.0,0.0,0.0,0.0,0.0,0.0,0.0,0.0,0.0,0.0,1.0,0.0,0.0,0.0,0.0,0.0,1.0,0.0,0.0,0.0,0.0,0.0,0.0,0.0,2.0,0.0,0.0,0.0,0.0,,,
Daxing,Heilongjiang,大興,黑龙江省,,0.0,0.0,0.0,0.0,0.0,0.0,0.0,0.0,0.0,0.0,0.0,0.0,0.0,0.0,0.0,0.0,0.0,0.0,0.0,0.0,0.0,0.0,0.0,0.0,0.0,1.0,0.0,0.0,1.0,0.0,0.0,0.0,0.0,0.0,0.0,0.0,,,
Yichun,Heilongjiang,伊春,黑龙江省,,0.0,0.0,0.0,0.0,0.0,0.0,0.0,0.0,0.0,0.0,0.0,0.0,0.0,0.0,0.0,0.0,0.0,0.0,0.0,0.0,0.0,0.0,0.0,0.0,0.0,0.0,0.0,0.0,0.0,0.0,0.0,0.0,0.0,0.0,0.0,0.0,,,
,Shanghai,,上海市,0.0,0.0,0.0,1.0,0.0,2.0,1.0,1.0,0.0,4.0,1.0,0.0,0.0,2.0,3.0,10.0,5.0,11.0,3.0,4.0,4.0,5.0,5.0,28.0,34.0,16.0,21.0,16.0,9.0,13.0,12.0,16.0,22.0,12.0,7.0,4.0,0.0,,,
Nanjing,Jiangsu,南京,江苏省,,0.0,0.0,0.0,0.0,0.0,0.0,0.0,0.0,0.0,2.0,0.0,0.0,0.0,2.0,7.0,2.0,2.0,5.0,2.0,0.0,0.0,2.0,2.0,1.0,2.0,3.0,0.0,3.0,3.0,9.0,5.0,0.0,0.0,5.0,1.0,0.0,,,
Wuxi,Jiangsu,無錫,江苏省,,0.0,0.0,0.0,0.0,0.0,0.0,0.0,0.0,0.0,0.0,0.0,0.0,1.0,0.0,0.0,0.0,0.0,2.0,0.0,1.0,0.0,4.0,1.0,6.0,3.0,1.0,2.0,6.0,6.0,3.0,1.0,2.0,2.0,0.0,1.0,3.0,,,
Xuzhou,Jiangsu,徐州,江苏省,,0.0,0.0,0.0,0.0,0.0,0.0,0.0,0.0,0.0,0.0,0.0,0.0,0.0,0.0,1.0,2.0,0.0,0.0,5.0,2.0,0.0,6.0,1.0,3.0,3.0,5.0,14.0,4.0,5.0,4.0,3.0,5.0,3.0,1.0,0.0,2.0,,,
Changzhou,Jiangsu,常州,江苏省,,0.0,0.0,0.0,0.0,0.0,0.0,0.0,0.0,0.0,0.0,0.0,0.0,0.0,2.0,0.0,3.0,0.0,0.0,1.0,0.0,0.0,5.0,0.0,0.0,0.0,9.0,0.0,7.0,0.0,2.0,7.0,0.0,0.0,5.0,0.0,7.0,,,
Suzhou,Jiangsu,蘇州,江苏省,,0.0,0.0,0.0,0.0,0.0,0.0,0.0,0.0,0.0,0.0,0.0,1.0,0.0,0.0,1.0,0.0,0.0,0.0,7.0,2.0,0.0,3.0,1.0,0.0,9.0,0.0,5.0,0.0,2.0,5.0,4.0,7.0,1.0,7.0,0.0,2.0,,,
Nantong,Jiangsu,南通,江苏省,,0.0,0.0,0.0,0.0,0.0,0.0,0.0,0.0,0.0,0.0,0.0,0.0,0.0,0.0,0.0,2.0,0.0,0.0,0.0,3.0,0.0,5.0,0.0,3.0,2.0,1.0,3.0,2.0,2.0,0.0,5.0,4.0,1.0,1.0,1.0,2.0,,,
Jianyun,Jiangsu,建雲,江苏省,,0.0,0.0,0.0,0.0,0.0,0.0,0.0,0.0,0.0,1.0,0.0,0.0,0.0,0.0,0.0,1.0,0.0,0.0,2.0,0.0,1.0,0.0,1.0,4.0,2.0,1.0,1.0,3.0,1.0,0.0,4.0,0.0,2.0,0.0,3.0,6.0,,,
Huaian,Jiangsu,淮安,江苏省,,0.0,0.0,0.0,0.0,0.0,0.0,0.0,0.0,0.0,0.0,1.0,0.0,0.0,0.0,0.0,1.0,0.0,0.0,3.0,0.0,1.0,0.0,0.0,5.0,2.0,8.0,7.0,0.0,4.0,2.0,1.0,3.0,1.0,7.0,0.0,4.0,,,
Yancheng,Jiangsu,鹽城,江苏省,,0.0,0.0,0.0,0.0,0.0,0.0,0.0,0.0,0.0,0.0,0.0,0.0,0.0,0.0,2.0,1.0,0.0,0.0,0.0,0.0,0.0,3.0,0.0,0.0,3.0,3.0,2.0,4.0,2.0,0.0,0.0,0.0,4.0,0.0,0.0,1.0,,,
Yangzhou,Jiangsu,揚州,江苏省,,0.0,0.0,0.0,0.0,0.0,0.0,0.0,0.0,0.0,0.0,0.0,0.0,0.0,0.0,0.0,0.0,2.0,0.0,0.0,1.0,3.0,0.0,0.0,0.0,1.0,1.0,1.0,2.0,0.0,2.0,2.0,2.0,0.0,0.0,0.0,0.0,,,
Zhenjiang,Jiangsu,鎮江,江苏省,,0.0,0.0,0.0,0.0,0.0,0.0,0.0,0.0,0.0,0.0,0.0,0.0,0.0,0.0,0.0,0.0,1.0,0.0,0.0,0.0,1.0,0.0,0.0,0.0,2.0,0.0,1.0,1.0,2.0,0.0,1.0,1.0,0.0,0.0,0.0,0.0,,,
Taizhou,Jiangsu,泰州,江苏省,,0.0,0.0,0.0,0.0,0.0,0.0,0.0,0.0,0.0,0.0,0.0,0.0,0.0,1.0,0.0,2.0,0.0,1.0,1.0,0.0,1.0,9.0,0.0,1.0,0.0,4.0,1.0,1.0,2.0,0.0,1.0,0.0,1.0,2.0,0.0,4.0,,,
Suqian,Jiangsu,宿遷,江苏省,,0.0,0.0,0.0,0.0,0.0,0.0,0.0,0.0,0.0,0.0,0.0,0.0,0.0,0.0,0.0,0.0,0.0,0.0,0.0,3.0,3.0,0.0,0.0,0.0,1.0,0.0,0.0,0.0,0.0,0.0,1.0,0.0,1.0,2.0,0.0,0.0,,,
Hangzhou,Zhejiang,杭州,浙江省,,0.0,0.0,0.0,0.0,0.0,0.0,0.0,0.0,0.0,2.0,0.0,4.0,1.0,8.0,1.0,6.0,7.0,12.0,6.0,4.0,12.0,6.0,4.0,2.0,6.0,13.0,4.0,10.0,3.0,10.0,2.0,8.0,5.0,3.0,6.0,,,,
Ningbo,Zhejiang,寧波,浙江省,,0.0,0.0,0.0,0.0,0.0,0.0,0.0,0.0,1.0,0.0,0.0,0.0,3.0,2.0,3.0,3.0,1.0,2.0,3.0,6.0,7.0,4.0,11.0,7.0,9.0,6.0,5.0,18.0,10.0,5.0,3.0,5.0,7.0,1.0,12.0,,,,
Wenzhou,Zhejiang,溫州,浙江省,,0.0,0.0,0.0,0.0,0.0,0.0,1.0,4.0,1.0,2.0,5.0,2.0,11.0,0.0,8.0,13.0,21.0,-63.0,92.0,8.0,13.0,20.0,19.0,10.0,13.0,12.0,14.0,20.0,17.0,23.0,12.0,12.0,14.0,11.0,37.0,,,,
Huzhou,Zhejiang,湖州,浙江省,,0.0,0.0,0.0,0.0,0.0,0.0,0.0,0.0,0.0,0.0,0.0,1.0,0.0,0.0,0.0,0.0,0.0,0.0,2.0,1.0,0.0,0.0,0.0,0.0,0.0,1.0,0.0,1.0,0.0,0.0,1.0,0.0,0.0,0.0,0.0,,,,
Jiaxing,Zhejiang,嘉興,浙江省,,0.0,0.0,0.0,0.0,0.0,0.0,0.0,0.0,0.0,0.0,0.0,0.0,0.0,0.0,1.0,0.0,0.0,2.0,2.0,1.0,0.0,2.0,2.0,1.0,0.0,3.0,1.0,5.0,2.0,0.0,1.0,2.0,3.0,0.0,4.0,,,,
Shaoxing,Zhejiang,紹興,浙江省,,0.0,0.0,0.0,0.0,0.0,0.0,0.0,0.0,0.0,1.0,1.0,1.0,0.0,0.0,0.0,2.0,3.0,0.0,4.0,1.0,2.0,1.0,1.0,0.0,1.0,1.0,1.0,0.0,0.0,1.0,6.0,3.0,0.0,0.0,1.0,,,,
Jinhua,Zhejiang,金華,浙江省,,0.0,0.0,0.0,0.0,0.0,0.0,0.0,0.0,3.0,0.0,3.0,0.0,0.0,2.0,1.0,0.0,4.0,2.0,1.0,3.0,4.0,1.0,0.0,0.0,0.0,6.0,0.0,3.0,3.0,1.0,2.0,0.0,0.0,0.0,4.0,,,,
Luzhou,Zhejiang,衢州,浙江省,,0.0,0.0,0.0,0.0,0.0,0.0,0.0,0.0,0.0,0.0,0.0,0.0,0.0,2.0,0.0,1.0,0.0,0.0,2.0,0.0,0.0,3.0,0.0,1.0,0.0,1.0,0.0,0.0,0.0,0.0,0.0,0.0,0.0,1.0,0.0,,,,
Zhoushan,Zhejiang,舟山,浙江省,,0.0,0.0,0.0,0.0,0.0,0.0,0.0,1.0,0.0,0.0,1.0,0.0,0.0,1.0,1.0,1.0,0.0,0.0,0.0,0.0,0.0,0.0,0.0,0.0,0.0,0.0,0.0,0.0,0.0,0.0,0.0,0.0,0.0,1.0,0.0,,,,
Taizhou,Zhejiang,台州,浙江省,,0.0,0.0,0.0,0.0,0.0,0.0,0.0,0.0,1.0,3.0,3.0,4.0,0.0,3.0,0.0,3.0,8.0,2.0,8.0,3.0,8.0,3.0,4.0,7.0,3.0,1.0,5.0,5.0,3.0,7.0,8.0,6.0,0.0,0.0,3.0,,,,
Lishui,Zhejiang,麗水,浙江省,,0.0,0.0,0.0,0.0,0.0,0.0,1.0,0.0,0.0,0.0,0.0,0.0,0.0,0.0,2.0,0.0,2.0,0.0,0.0,2.0,2.0,0.0,1.0,0.0,1.0,0.0,0.0,3.0,0.0,0.0,0.0,0.0,0.0,0.0,0.0,,,,
ShihLiFeng,Zhejiang,十里豐監獄,浙江省,,0.0,0.0,0.0,0.0,0.0,0.0,0.0,0.0,0.0,0.0,0.0,0.0,0.0,0.0,0.0,0.0,0.0,0.0,0.0,0.0,0.0,0.0,0.0,0.0,0.0,0.0,0.0,0.0,0.0,0.0,0.0,0.0,0.0,3.0,0.0,,,,
Hefei,Anhui,合肥市,安徽省,0.0,0.0,0.0,0.0,0.0,0.0,0.0,0.0,0.0,0.0,0.0,1.0,0.0,1.0,0.0,3.0,0.0,0.0,2.0,2.0,2.0,0.0,4.0,7.0,6.0,7.0,3.0,5.0,6.0,1.0,21.0,4.0,11.0,11.0,4.0,2.0,16.0,8.0,8.0,
Anqing,Anhui,安慶市,安徽省,0.0,0.0,0.0,0.0,0.0,0.0,0.0,0.0,0.0,0.0,0.0,0.0,0.0,0.0,0.0,0.0,3.0,0.0,0.0,3.0,0.0,6.0,3.0,0.0,0.0,14.0,3.0,1.0,1.0,0.0,5.0,5.0,9.0,2.0,6.0,4.0,4.0,0.0,5.0,
Chizhou,Anhui,池州市,安徽省,0.0,0.0,0.0,0.0,0.0,0.0,0.0,0.0,0.0,0.0,0.0,0.0,0.0,1.0,0.0,0.0,0.0,0.0,0.0,0.0,0.0,0.0,2.0,0.0,0.0,0.0,1.0,0.0,2.0,0.0,0.0,1.0,3.0,0.0,0.0,0.0,3.0,0.0,0.0,
Ma'anshan,Anhui,馬鞍山市,安徽省,0.0,0.0,0.0,0.0,0.0,0.0,0.0,0.0,0.0,0.0,0.0,0.0,0.0,0.0,0.0,0.0,0.0,0.0,0.0,0.0,2.0,0.0,0.0,2.0,2.0,2.0,1.0,1.0,0.0,2.0,2.0,1.0,0.0,2.0,2.0,0.0,1.0,1.0,4.0,
Fuyang ,Anhui,阜陽市,安徽省,0.0,0.0,0.0,0.0,0.0,0.0,0.0,0.0,0.0,0.0,0.0,0.0,0.0,0.0,0.0,0.0,3.0,0.0,4.0,2.0,2.0,2.0,0.0,4.0,0.0,6.0,5.0,4.0,5.0,4.0,6.0,17.0,15.0,11.0,9.0,3.0,2.0,5.0,3.0,
Chuzhou,Anhui,宿州市,安徽省,0.0,0.0,0.0,0.0,0.0,0.0,0.0,0.0,0.0,0.0,0.0,0.0,0.0,0.0,0.0,0.0,0.0,0.0,0.0,0.0,1.0,2.0,0.0,1.0,4.0,2.0,1.0,0.0,2.0,3.0,1.0,3.0,2.0,1.0,3.0,0.0,3.0,0.0,1.0,
Bengbu,Anhui,蚌埠市,安徽省,0.0,0.0,0.0,0.0,0.0,0.0,0.0,0.0,0.0,0.0,0.0,0.0,0.0,0.0,0.0,0.0,0.0,0.0,0.0,1.0,0.0,0.0,1.0,0.0,0.0,1.0,4.0,2.0,4.0,8.0,9.0,10.0,16.0,25.0,20.0,6.0,6.0,6.0,8.0,
Bozhou,Anhui,亳州市,安徽省,0.0,0.0,0.0,0.0,0.0,0.0,0.0,0.0,0.0,0.0,0.0,1.0,0.0,1.0,0.0,0.0,0.0,0.0,3.0,0.0,0.0,0.0,2.0,0.0,5.0,4.0,3.0,6.0,10.0,0.0,12.0,11.0,7.0,5.0,3.0,7.0,1.0,6.0,2.0,
Huaibei,Anhui,淮北市,安徽省,0.0,0.0,0.0,0.0,0.0,0.0,0.0,0.0,0.0,0.0,0.0,0.0,0.0,0.0,0.0,0.0,0.0,0.0,0.0,0.0,1.0,3.0,1.0,0.0,1.0,0.0,0.0,4.0,0.0,1.0,2.0,0.0,1.0,1.0,0.0,2.0,0.0,3.0,2.0,
Wuhu,Anhui,蕪湖市,安徽省,0.0,0.0,0.0,0.0,0.0,0.0,0.0,0.0,0.0,0.0,0.0,0.0,0.0,0.0,1.0,0.0,0.0,1.0,0.0,1.0,0.0,0.0,0.0,1.0,0.0,1.0,3.0,3.0,2.0,0.0,4.0,0.0,4.0,4.0,0.0,2.0,0.0,1.0,0.0,
Tongling,Anhui,銅陵市,安徽省,0.0,0.0,0.0,0.0,0.0,0.0,0.0,0.0,0.0,0.0,0.0,0.0,0.0,0.0,0.0,1.0,0.0,0.0,1.0,3.0,2.0,0.0,0.0,0.0,2.0,1.0,0.0,0.0,0.0,1.0,1.0,0.0,0.0,1.0,1.0,1.0,3.0,4.0,0.0,
Huainan,Anhui,淮南市,安徽省,0.0,0.0,0.0,0.0,0.0,0.0,0.0,0.0,0.0,0.0,0.0,0.0,0.0,0.0,0.0,0.0,0.0,2.0,0.0,0.0,1.0,1.0,0.0,2.0,0.0,0.0,0.0,1.0,1.0,0.0,3.0,1.0,2.0,0.0,1.0,0.0,3.0,0.0,2.0,
Suzhou,Anhui,滁州市,安徽省,0.0,0.0,0.0,0.0,0.0,0.0,0.0,0.0,0.0,0.0,0.0,0.0,0.0,0.0,0.0,2.0,0.0,0.0,0.0,0.0,0.0,0.0,1.0,1.0,0.0,0.0,3.0,0.0,0.0,0.0,0.0,0.0,1.0,0.0,0.0,0.0,1.0,0.0,0.0,
Lu'an,Anhui,六安市,安徽省,0.0,0.0,0.0,0.0,0.0,0.0,0.0,0.0,0.0,0.0,0.0,0.0,1.0,0.0,0.0,0.0,0.0,0.0,0.0,0.0,1.0,0.0,1.0,0.0,0.0,0.0,5.0,7.0,1.0,5.0,2.0,7.0,5.0,4.0,4.0,1.0,1.0,1.0,2.0,
Xuancheng,Anhui,宣城市,安徽省,0.0,0.0,0.0,0.0,0.0,0.0,0.0,0.0,0.0,0.0,0.0,0.0,0.0,0.0,1.0,0.0,0.0,0.0,1.0,0.0,0.0,0.0,0.0,2.0,0.0,0.0,0.0,0.0,0.0,0.0,0.0,0.0,0.0,0.0,0.0,0.0,0.0,0.0,0.0,
Huangshan,Anhui,黃山市,安徽省,0.0,0.0,0.0,0.0,0.0,0.0,0.0,0.0,0.0,0.0,0.0,0.0,0.0,0.0,0.0,0.0,0.0,0.0,0.0,1.0,0.0,0.0,0.0,0.0,0.0,0.0,0.0,0.0,0.0,2.0,0.0,0.0,0.0,0.0,0.0,0.0,0.0,0.0,0.0,
Fuzhou,Fujian,福州,福建省,,,,,,,,,,,,,,,,,,,,,,,,,,,,,,,,,,,,,,,,
Xiamen,Fujian,廈門,福建省,,,,,,,,,,,,,,,,,,,,,,,,,,,,,,,,,,,,,,,,
Quanzhou,Fujian,漳州,福建省,,,,,,,,,,,,,,,,,,,,,,,,,,,,,,,,,,,,,,,,
Quanzhou,Fujian,泉州,福建省,,,,,,,,,,,,,,,,,,,,,,,,,,,,,,,,,,,,,,,,
Sanming,Fujian,三明,福建省,,,,,,,,,,,,,,,,,,,,,,,,,,,,,,,,,,,,,,,,
Putian,Fujian,蒲田,福建省,,,,,,,,,,,,,,,,,,,,,,,,,,,,,,,,,,,,,,,,
Nanping,Fujian,南平,福建省,,,,,,,,,,,,,,,,,,,,,,,,,,,,,,,,,,,,,,,,
Longyan,Fujian,龍岩,福建省,,,,,,,,,,,,,,,,,,,,,,,,,,,,,,,,,,,,,,,,
Ningde,Fujian,寧德,福建省,,,,,,,,,,,,,,,,,,,,,,,,,,,,,,,,,,,,,,,,
Nanchang,Jiangxi,南昌,江西省,,0.0,0.0,0.0,0.0,0.0,0.0,0.0,1.0,0.0,0.0,3.0,0.0,3.0,3.0,4.0,6.0,7.0,8.0,11.0,7.0,8.0,6.0,5.0,3.0,14.0,6.0,19.0,19.0,12.0,17.0,16.0,3.0,3.0,3.0,,,,,
Xinyu,Jiangxi,新余,江西省,,0.0,0.0,0.0,0.0,0.0,1.0,0.0,1.0,0.0,1.0,0.0,0.0,1.0,1.0,0.0,3.0,5.0,5.0,4.0,4.0,2.0,3.0,3.0,3.0,7.0,2.0,12.0,9.0,13.0,7.0,8.0,8.0,6.0,2.0,,,,,
Shangrao,Jiangxi,上饒,江西省,,0.0,0.0,0.0,0.0,0.0,0.0,0.0,1.0,0.0,0.0,3.0,0.0,1.0,0.0,0.0,0.0,2.0,5.0,1.0,2.0,2.0,1.0,2.0,11.0,4.0,4.0,8.0,8.0,9.0,11.0,13.0,2.0,7.0,4.0,,,,,
Jiujiang,Jiangxi,九江,江西省,,0.0,0.0,0.0,0.0,0.0,0.0,0.0,0.0,0.0,0.0,2.0,0.0,0.0,1.0,1.0,0.0,2.0,1.0,6.0,1.0,0.0,2.0,2.0,4.0,0.0,8.0,3.0,11.0,3.0,0.0,4.0,6.0,5.0,9.0,,,,,
Yichun,Jiangxi,宜春,江西省,,0.0,0.0,0.0,0.0,0.0,0.0,0.0,0.0,1.0,0.0,0.0,1.0,2.0,0.0,1.0,1.0,0.0,4.0,0.0,6.0,0.0,2.0,2.0,0.0,4.0,6.0,3.0,9.0,11.0,5.0,14.0,4.0,8.0,6.0,,,,,
Ganzhou,Jiangxi,贛州,江西省,,0.0,0.0,0.0,0.0,0.0,0.0,0.0,0.0,1.0,0.0,0.0,0.0,0.0,0.0,1.0,0.0,0.0,4.0,1.0,1.0,2.0,2.0,2.0,3.0,1.0,2.0,4.0,4.0,6.0,6.0,7.0,4.0,2.0,5.0,,,,,
Fuzhou,Jiangxi,撫州,江西省,,0.0,0.0,0.0,0.0,0.0,0.0,0.0,0.0,0.0,0.0,0.0,0.0,1.0,4.0,2.0,0.0,0.0,2.0,0.0,2.0,3.0,0.0,3.0,3.0,2.0,6.0,1.0,6.0,2.0,9.0,1.0,4.0,2.0,5.0,,,,,
Pingxiang,Jiangxi,萍鄉,江西省,,0.0,0.0,0.0,0.0,0.0,1.0,0.0,0.0,0.0,0.0,0.0,0.0,0.0,0.0,0.0,0.0,0.0,0.0,0.0,1.0,0.0,0.0,2.0,0.0,1.0,1.0,1.0,2.0,2.0,0.0,2.0,3.0,0.0,2.0,,,,,
Gian,Jiangxi,吉安,江西省,,0.0,0.0,0.0,0.0,0.0,1.0,0.0,0.0,0.0,0.0,0.0,0.0,0.0,0.0,0.0,0.0,0.0,1.0,2.0,1.0,0.0,1.0,1.0,2.0,1.0,0.0,1.0,0.0,0.0,0.0,0.0,2.0,-1.0,1.0,,,,,
Yingtan,Jiangxi,鷹潭,江西省,,0.0,0.0,0.0,0.0,0.0,0.0,0.0,0.0,0.0,0.0,0.0,0.0,0.0,0.0,0.0,0.0,1.0,0.0,0.0,0.0,1.0,0.0,1.0,0.0,0.0,0.0,0.0,1.0,0.0,0.0,2.0,0.0,4.0,0.0,,,,,
Jingde,Jiangxi,景德,江西省,,0.0,0.0,0.0,0.0,0.0,0.0,0.0,1.0,0.0,0.0,0.0,0.0,0.0,0.0,0.0,0.0,0.0,0.0,0.0,0.0,0.0,0.0,0.0,0.0,2.0,0.0,0.0,0.0,0.0,0.0,0.0,0.0,0.0,0.0,,,,,
Ganjiang Xsin,Jiangxi,贛江新區,江西省,,0.0,0.0,0.0,0.0,0.0,0.0,0.0,0.0,0.0,0.0,0.0,0.0,0.0,0.0,0.0,0.0,0.0,0.0,0.0,0.0,0.0,0.0,0.0,0.0,0.0,0.0,0.0,0.0,0.0,0.0,0.0,0.0,0.0,0.0,,,,,
Jinan,Shandong,濟南市,山东省,,,,0.0,0.0,0.0,0.0,0.0,0.0,0.0,0.0,0.0,0.0,0.0,0.0,3.0,0.0,0.0,0.0,4.0,0.0,0.0,3.0,1.0,0.0,0.0,0.0,2.0,4.0,0.0,1.0,4.0,2.0,0.0,0.0,0.0,1.0,0.0,,
Qingdao,Shandong,青島市,山东省,,,,0.0,0.0,0.0,0.0,0.0,0.0,0.0,0.0,0.0,0.0,0.0,2.0,1.0,1.0,2.0,1.0,2.0,1.0,2.0,1.0,3.0,4.0,3.0,2.0,0.0,3.0,2.0,3.0,0.0,0.0,4.0,0.0,1.0,3.0,3.0,,
zibo,Shandong,淄博市,山东省,,,,0.0,0.0,0.0,0.0,0.0,0.0,0.0,0.0,0.0,0.0,0.0,0.0,0.0,0.0,1.0,0.0,0.0,0.0,0.0,0.0,1.0,2.0,0.0,1.0,0.0,1.0,0.0,3.0,5.0,0.0,2.0,0.0,2.0,0.0,0.0,,
Zaozhuang,Shandong,棗莊市,山东省,,,,0.0,0.0,0.0,0.0,0.0,0.0,0.0,0.0,0.0,0.0,0.0,0.0,0.0,0.0,0.0,1.0,0.0,2.0,1.0,0.0,0.0,0.0,0.0,3.0,0.0,3.0,1.0,0.0,3.0,4.0,1.0,1.0,2.0,0.0,0.0,,
Yantai,Shandong,煙臺市,山东省,,,,0.0,0.0,0.0,0.0,0.0,0.0,0.0,0.0,0.0,0.0,0.0,0.0,0.0,2.0,0.0,0.0,1.0,0.0,0.0,4.0,3.0,2.0,1.0,0.0,0.0,0.0,3.0,1.0,1.0,1.0,0.0,1.0,4.0,3.0,1.0,,
Weifang,Shandong,濰坊市,山东省,,,,0.0,0.0,0.0,0.0,0.0,0.0,0.0,0.0,0.0,0.0,0.0,0.0,0.0,0.0,0.0,1.0,0.0,0.0,3.0,1.0,1.0,1.0,2.0,1.0,1.0,3.0,1.0,2.0,0.0,5.0,0.0,2.0,0.0,0.0,0.0,,
Jining,Shandong,濟寧市,山东省,,,,0.0,0.0,0.0,0.0,0.0,0.0,0.0,0.0,0.0,0.0,3.0,0.0,1.0,3.0,1.0,0.0,0.0,1.0,3.0,2.0,1.0,3.0,0.0,2.0,2.0,5.0,2.0,0.0,1.0,1.0,3.0,1.0,4.0,4.0,0.0,,
Tai'an,Shandong,泰安市,山东省,,,,0.0,0.0,0.0,0.0,0.0,0.0,0.0,0.0,0.0,1.0,0.0,0.0,0.0,0.0,0.0,0.0,0.0,0.0,3.0,0.0,0.0,1.0,0.0,1.0,0.0,0.0,4.0,2.0,7.0,2.0,1.0,0.0,1.0,0.0,1.0,,
Weihai,Shandong,威海市,山东省,,,,0.0,0.0,0.0,0.0,0.0,0.0,0.0,0.0,0.0,2.0,0.0,0.0,3.0,0.0,0.0,3.0,0.0,0.0,1.0,0.0,0.0,0.0,0.0,0.0,1.0,0.0,4.0,4.0,3.0,0.0,4.0,2.0,0.0,0.0,1.0,,
Rizhao,Shandong,日照市,山东省,,,,0.0,0.0,0.0,0.0,0.0,0.0,0.0,0.0,0.0,0.0,0.0,0.0,2.0,0.0,0.0,0.0,0.0,0.0,0.0,0.0,0.0,0.0,1.0,0.0,3.0,0.0,1.0,1.0,1.0,1.0,1.0,0.0,0.0,1.0,0.0,,
Linyi ,Shandong,臨沂市,山东省,,,,0.0,0.0,0.0,0.0,0.0,0.0,0.0,0.0,0.0,0.0,1.0,0.0,0.0,2.0,0.0,1.0,2.0,3.0,1.0,2.0,4.0,8.0,5.0,3.0,3.0,2.0,4.0,3.0,0.0,0.0,0.0,0.0,1.0,0.0,0.0,,
Dezhou,Shandong,德州市,山东省,,,,0.0,0.0,0.0,0.0,0.0,0.0,0.0,0.0,0.0,1.0,0.0,1.0,0.0,0.0,2.0,0.0,2.0,0.0,0.0,0.0,0.0,1.0,0.0,0.0,2.0,0.0,2.0,0.0,1.0,0.0,3.0,0.0,0.0,0.0,0.0,,
Liaocheng,Shandong,聊城市,山东省,,,,0.0,0.0,0.0,0.0,0.0,0.0,0.0,0.0,0.0,0.0,0.0,0.0,0.0,1.0,0.0,1.0,0.0,0.0,0.0,1.0,0.0,4.0,3.0,1.0,1.0,6.0,0.0,3.0,1.0,0.0,2.0,1.0,3.0,3.0,1.0,,
Binzhou,Shandong,濱州市,山东省,,,,0.0,0.0,0.0,0.0,0.0,0.0,0.0,0.0,0.0,0.0,0.0,2.0,1.0,0.0,1.0,0.0,1.0,1.0,0.0,0.0,0.0,3.0,0.0,0.0,1.0,0.0,1.0,0.0,0.0,0.0,0.0,0.0,1.0,0.0,0.0,,
Heze,Shandong,菏澤市,山东省,,,,0.0,0.0,0.0,0.0,0.0,0.0,0.0,0.0,0.0,0.0,0.0,0.0,2.0,0.0,1.0,1.0,1.0,1.0,1.0,0.0,2.0,1.0,1.0,2.0,0.0,0.0,0.0,1.0,0.0,1.0,2.0,0.0,0.0,0.0,0.0,,
Xinyang,Henan,信陽,河南省,,,,,,,,,,,,,,,,,,,,,,,,,,,,,,,,,,,,,,,,
Zhengzhou,Henan,鄭州,河南省,,,,,,,,,,,,,,,,,,,,,,,,,,,,,,,,,,,,,,,,
Nanyang,Henan,南陽,河南省,,,,,,,,,,,,,,,,,,,,,,,,,,,,,,,,,,,,,,,,
Zhumadian,Henan,駐馬店,河南省,,,,,,,,,,,,,,,,,,,,,,,,,,,,,,,,,,,,,,,,
Shangqiu,Henan,商丘,河南省,,,,,,,,,,,,,,,,,,,,,,,,,,,,,,,,,,,,,,,,
Zhoukou,Henan,周口市,河南省,,,,,,,,,,,,,,,,,,,,,,,,,,,,,,,,,,,,,,,,
Pingdingshan,Henan,平頂山,河南省,,,,,,,,,,,,,,,,,,,,,,,,,,,,,,,,,,,,,,,,
Xinxiang,Henan,新鄉,河南省,,,,,,,,,,,,,,,,,,,,,,,,,,,,,,,,,,,,,,,,
Anyang,Henan,安陽,河南省,,,,,,,,,,,,,,,,,,,,,,,,,,,,,,,,,,,,,,,,
Xu Chang,Henan,許昌,河南省,,,,,,,,,,,,,,,,,,,,,,,,,,,,,,,,,,,,,,,,
Luohe,Henan,漯河,河南省,,,,,,,,,,,,,,,,,,,,,,,,,,,,,,,,,,,,,,,,
Jiaozuo,Henan,焦作,河南省,,,,,,,,,,,,,,,,,,,,,,,,,,,,,,,,,,,,,,,,
Luoyang,Henan,洛陽,河南省,,,,,,,,,,,,,,,,,,,,,,,,,,,,,,,,,,,,,,,,
Kaifeng,Henan,開封,河南省,,,,,,,,,,,,,,,,,,,,,,,,,,,,,,,,,,,,,,,,
Hebi,Henan,鶴壁,河南省,,,,,,,,,,,,,,,,,,,,,,,,,,,,,,,,,,,,,,,,
Puyang,Henan,濮陽,河南省,,,,,,,,,,,,,,,,,,,,,,,,,,,,,,,,,,,,,,,,
Sanmenxia,Henan,三門峽,河南省,,,,,,,,,,,,,,,,,,,,,,,,,,,,,,,,,,,,,,,,
Jiyuan,Henan,濟源,河南省,,,,,,,,,,,,,,,,,,,,,,,,,,,,,,,,,,,,,,,,
Wuhan,Hubei,武汉市,湖北省,3.0,0.0,3.0,3.0,8.0,2.0,,,7.0,21.0,36.0,32.0,53.0,79.0,65.0,63.0,103.0,164.0,179.0,167.0,162.0,171.0,538.0,370.0,486.0,413.0,543.0,761.0,676.0,553.0,766.0,992.0,965.0,772.0,1391.0,1456.0,,,,
Huangshi,Hubei,黄石市,湖北省,0.0,0.0,0.0,0.0,0.0,0.0,,,0.0,0.0,0.0,1.0,8.0,1.0,8.0,7.0,6.0,12.0,10.0,14.0,15.0,14.0,17.0,24.0,33.0,22.0,14.0,9.0,47.0,37.0,40.0,52.0,51.0,48.0,44.0,51.0,,,,
Shiyan,Hubei,十堰市,湖北省,0.0,0.0,0.0,0.0,0.0,0.0,,,0.0,0.0,0.0,0.0,2.0,4.0,3.0,5.0,10.0,9.0,7.0,6.0,13.0,11.0,11.0,8.0,11.0,16.0,10.0,18.0,20.0,23.0,22.0,28.0,28.0,26.0,22.0,33.0,,,,
Yichang,Hubei,宜昌市,湖北省,0.0,0.0,0.0,0.0,0.0,0.0,,,0.0,0.0,0.0,0.0,1.0,1.0,7.0,0.0,2.0,13.0,12.0,7.0,9.0,10.0,10.0,9.0,11.0,48.0,16.0,30.0,22.0,23.0,19.0,23.0,16.0,15.0,24.0,34.0,,,,
Xiangyang,Hubei,襄阳市,湖北省,0.0,0.0,0.0,0.0,0.0,0.0,,,0.0,0.0,0.0,0.0,0.0,0.0,6.0,3.0,19.0,2.0,9.0,2.0,7.0,11.0,6.0,7.0,12.0,29.0,37.0,31.0,48.0,64.0,49.0,59.0,61.0,58.0,72.0,60.0,,,,
Ezhou,Hubei,鄂州市,湖北省,0.0,0.0,0.0,0.0,0.0,0.0,,,0.0,0.0,0.0,0.0,2.0,2.0,2.0,2.0,1.0,2.0,31.0,6.0,13.0,11.0,23.0,21.0,83.0,23.0,22.0,21.0,36.0,49.0,25.0,11.0,31.0,48.0,31.0,47.0,,,,
Jingmen,Hubei,荆门市,湖北省,0.0,0.0,0.0,0.0,0.0,0.0,,,0.0,0.0,1.0,2.0,3.0,0.0,10.0,5.0,3.0,12.0,12.0,15.0,6.0,12.0,11.0,13.0,7.0,5.0,15.0,11.0,38.0,20.0,28.0,67.0,65.0,28.0,43.0,37.0,,,,
Xiaogan,Hubei,孝感市,湖北省,0.0,0.0,0.0,0.0,0.0,0.0,,,0.0,2.0,0.0,0.0,0.0,2.0,2.0,3.0,16.0,13.0,7.0,36.0,58.0,40.0,28.0,48.0,58.0,40.0,96.0,74.0,49.0,101.0,98.0,146.0,161.0,99.0,151.0,60.0,,,,
Jingzhou,Hubei,荆州市,湖北省,0.0,0.0,0.0,0.0,0.0,0.0,,,0.0,0.0,1.0,0.0,2.0,3.0,3.0,9.0,4.0,7.0,4.0,12.0,10.0,24.0,22.0,57.0,33.0,71.0,42.0,34.0,70.0,42.0,80.0,81.0,69.0,53.0,42.0,46.0,,,,
Huanggang,Hubei,黄冈市,湖北省,0.0,0.0,0.0,0.0,2.0,0.0,,,3.0,1.0,11.0,10.0,5.0,9.0,11.0,10.0,6.0,37.0,32.0,52.0,90.0,59.0,89.0,77.0,107.0,105.0,122.0,103.0,118.0,90.0,125.0,134.0,132.0,119.0,101.0,92.0,,,,
Xianning,Hubei,咸宁市,湖北省,0.0,0.0,0.0,0.0,0.0,0.0,,,0.0,0.0,1.0,0.0,0.0,0.0,1.0,1.0,3.0,6.0,11.0,21.0,7.0,14.0,19.0,15.0,28.0,25.0,29.0,23.0,21.0,43.0,45.0,45.0,40.0,47.0,59.0,56.0,,,,
Suizhou,Hubei,随州市,湖北省,0.0,0.0,0.0,0.0,0.0,0.0,,,0.0,0.0,0.0,3.0,0.0,0.0,6.0,0.0,0.0,14.0,0.0,0.0,3.0,25.0,11.0,10.0,24.0,17.0,27.0,58.0,56.0,54.0,78.0,57.0,55.0,53.0,50.0,51.0,,,,
Enshi Tujia and Miao Autonomous Prefecture,Hubei,恩施土家族苗族自治州,湖北省,0.0,0.0,0.0,0.0,0.0,0.0,,,0.0,0.0,0.0,1.0,4.0,0.0,1.0,4.0,0.0,3.0,7.0,4.0,7.0,7.0,10.0,10.0,13.0,5.0,5.0,9.0,6.0,6.0,10.0,5.0,6.0,23.0,5.0,7.0,,,,
Xiantao,Hubei,仙桃市,湖北省,0.0,0.0,0.0,0.0,0.0,0.0,,,0.0,0.0,0.0,0.0,0.0,0.0,0.0,0.0,11.0,3.0,2.0,0.0,25.0,2.0,5.0,10.0,5.0,24.0,20.0,14.0,28.0,35.0,26.0,21.0,17.0,20.0,48.0,21.0,,,,
Qianjiang,Hubei,潜江市,湖北省,0.0,0.0,0.0,0.0,0.0,0.0,,,0.0,0.0,0.0,0.0,0.0,0.0,0.0,0.0,0.0,1.0,1.0,1.0,0.0,5.0,0.0,3.0,1.0,0.0,6.0,9.0,13.0,9.0,8.0,10.0,11.0,4.0,9.0,3.0,,,,
Tianmen,Hubei,天门市,湖北省,0.0,0.0,0.0,0.0,0.0,0.0,,,0.0,0.0,0.0,0.0,0.0,0.0,0.0,1.0,0.0,0.0,0.0,9.0,2.0,0.0,1.0,8.0,0.0,6.0,12.0,16.0,18.0,60.0,32.0,33.0,34.0,26.0,24.0,4.0,,,,
Shennongjia,Hubei,神农架林区,湖北省,0.0,0.0,0.0,0.0,0.0,0.0,,,0.0,2.0,0.0,0.0,0.0,0.0,0.0,0.0,0.0,0.0,0.0,4.0,0.0,1.0,1.0,0.0,0.0,0.0,0.0,2.0,0.0,0.0,0.0,0.0,0.0,0.0,0.0,0.0,,,,
Changsha,Hunan,长沙市,湖南省,,,0.0,0.0,0.0,0.0,0.0,0.0,0.0,1.0,0.0,1.0,0.0,0.0,4.0,2.0,2.0,9.0,8.0,6.0,6.0,9.0,9.0,6.0,3.0,7.0,15.0,4.0,6.0,12.0,15.0,5.0,11.0,2.0,9.0,7.0,5.0,8.0,2.0,4.0
Hengyang,Hunan,衡阳市,湖南省,,,0.0,0.0,0.0,0.0,0.0,0.0,0.0,0.0,0.0,0.0,3.0,1.0,1.0,0.0,3.0,3.0,3.0,0.0,2.0,7.0,0.0,2.0,1.0,2.0,0.0,0.0,1.0,3.0,5.0,0.0,0.0,0.0,1.0,0.0,0.0,0.0,6.0,2.0
Zhuzhou,Hunan,株洲市,湖南省,,,0.0,0.0,0.0,0.0,0.0,0.0,0.0,0.0,0.0,0.0,1.0,0.0,1.0,0.0,5.0,1.0,1.0,1.0,1.0,1.0,2.0,7.0,2.0,6.0,4.0,2.0,2.0,3.0,6.0,1.0,0.0,3.0,2.0,2.0,2.0,0.0,6.0,0.0
Xiangtan,Hunan,湘潭市,湖南省,,,0.0,0.0,0.0,0.0,0.0,0.0,0.0,0.0,0.0,0.0,3.0,0.0,1.0,1.0,2.0,0.0,3.0,1.0,0.0,0.0,1.0,0.0,2.0,0.0,1.0,1.0,1.0,0.0,0.0,2.0,2.0,4.0,1.0,3.0,0.0,4.0,0.0,1.0
Shaoyang,Hunan,邵阳市,湖南省,,,0.0,0.0,0.0,0.0,0.0,0.0,0.0,0.0,0.0,1.0,0.0,0.0,1.0,1.0,6.0,2.0,7.0,3.0,1.0,3.0,8.0,8.0,9.0,9.0,5.0,3.0,3.0,1.0,7.0,2.0,6.0,2.0,0.0,2.0,0.0,2.0,3.0,0.0
Yueyang,Hunan,岳阳市,湖南省,,,0.0,0.0,0.0,0.0,0.0,0.0,0.0,0.0,0.0,0.0,0.0,0.0,0.0,2.0,2.0,2.0,4.0,7.0,4.0,3.0,18.0,2.0,4.0,3.0,3.0,9.0,1.0,0.0,8.0,5.0,10.0,4.0,7.0,8.0,1.0,6.0,1.0,1.0
Changde,Hunan,常德市,湖南省,,,0.0,0.0,0.0,0.0,0.0,0.0,0.0,0.0,0.0,0.0,0.0,0.0,3.0,0.0,11.0,0.0,1.0,0.0,0.0,3.0,6.0,2.0,1.0,1.0,3.0,3.0,9.0,6.0,3.0,6.0,2.0,1.0,1.0,4.0,1.0,2.0,3.0,0.0
Zhangjiajie,Hunan,张家界市,湖南省,,,0.0,0.0,0.0,0.0,0.0,0.0,0.0,0.0,0.0,0.0,0.0,0.0,0.0,2.0,0.0,0.0,0.0,0.0,1.0,0.0,0.0,0.0,0.0,1.0,0.0,1.0,0.0,0.0,0.0,0.0,0.0,0.0,0.0,0.0,0.0,0.0,0.0,0.0
Yiyang,Hunan,益阳市,湖南省,,,0.0,0.0,0.0,0.0,0.0,0.0,0.0,0.0,0.0,0.0,0.0,1.0,0.0,5.0,0.0,0.0,4.0,5.0,1.0,6.0,0.0,0.0,2.0,1.0,2.0,3.0,1.0,4.0,13.0,3.0,1.0,0.0,3.0,1.0,0.0,2.0,0.0,1.0
Chenzhou,Hunan,郴州市,湖南省,,,0.0,0.0,0.0,0.0,0.0,0.0,0.0,1.0,0.0,0.0,0.0,0.0,0.0,1.0,2.0,2.0,2.0,0.0,5.0,1.0,1.0,0.0,7.0,0.0,0.0,4.0,1.0,2.0,0.0,1.0,1.0,0.0,0.0,0.0,2.0,1.0,0.0,1.0
Yongzhou,Hunan,永州市,湖南省,,,0.0,0.0,0.0,0.0,0.0,0.0,0.0,0.0,0.0,2.0,0.0,3.0,0.0,3.0,0.0,2.0,0.0,3.0,0.0,5.0,0.0,5.0,0.0,4.0,1.0,2.0,0.0,0.0,0.0,5.0,2.0,0.0,4.0,0.0,1.0,0.0,0.0,0.0
Huaihua,Hunan,怀化市,湖南省,,,0.0,0.0,0.0,0.0,0.0,0.0,0.0,0.0,1.0,0.0,0.0,0.0,1.0,4.0,1.0,7.0,1.0,0.0,0.0,6.0,0.0,5.0,2.0,2.0,2.0,2.0,3.0,1.0,0.0,0.0,0.0,0.0,1.0,0.0,1.0,0.0,0.0,0.0
Loudi,Hunan,娄底市,湖南省,,,0.0,0.0,0.0,0.0,0.0,0.0,0.0,0.0,0.0,1.0,0.0,1.0,1.0,0.0,1.0,0.0,4.0,0.0,4.0,6.0,4.0,3.0,4.0,5.0,1.0,0.0,12.0,4.0,3.0,1.0,0.0,1.0,1.0,1.0,1.0,2.0,0.0,2.0
Xiangxi Prefecture,Hunan,湘西自治州,湖南省,,,0.0,0.0,0.0,0.0,0.0,0.0,0.0,0.0,0.0,0.0,1.0,0.0,0.0,0.0,0.0,0.0,2.0,1.0,2.0,0.0,0.0,0.0,0.0,0.0,0.0,0.0,1.0,0.0,0.0,1.0,0.0,0.0,0.0,0.0,0.0,0.0,0.0,0.0
Shenzhen,Guangdong,深圳市,广东省,0.0,0.0,2.0,0.0,0.0,0.0,,,,,,,,,,,,,,,,,,,,,,,,,,,,,,,,,,
Guangzhou,Guangdong,广州市,广东省,0.0,0.0,0.0,0.0,0.0,0.0,,,,,,,,,,,,,,,,,,,,,,,,,,,,,,,,,,
Zhuhai,Guangdong,珠海市,广东省,0.0,0.0,0.0,0.0,0.0,0.0,,,,,,,,,,,,,,,,,,,,,,,,,,,,,,,,,,
Foshan,Guangdong,佛山市,广东省,0.0,0.0,0.0,0.0,0.0,0.0,,,,,,,,,,,,,,,,,,,,,,,,,,,,,,,,,,
Dongguan,Guangdong,东莞市,广东省,0.0,0.0,0.0,0.0,0.0,0.0,,,,,,,,,,,,,,,,,,,,,,,,,,,,,,,,,,
Huizhou,Guangdong,惠州市,广东省,0.0,0.0,0.0,0.0,0.0,0.0,,,,,,,,,,,,,,,,,,,,,,,,,,,,,,,,,,
Zhongshan,Guangdong,中山市,广东省,0.0,0.0,0.0,0.0,0.0,0.0,,,,,,,,,,,,,,,,,,,,,,,,,,,,,,,,,,
Shantou,Guangdong,汕头市,广东省,0.0,0.0,0.0,0.0,0.0,0.0,,,,,,,,,,,,,,,,,,,,,,,,,,,,,,,,,,
Zhanjiang,Guangdong,湛江市,广东省,0.0,0.0,0.0,0.0,0.0,0.0,,,,,,,,,,,,,,,,,,,,,,,,,,,,,,,,,,
Yangjiang,Guangdong,阳江市,广东省,0.0,0.0,0.0,0.0,0.0,0.0,,,,,,,,,,,,,,,,,,,,,,,,,,,,,,,,,,
Zhaoqing,Guangdong,肇庆市,广东省,0.0,0.0,0.0,0.0,0.0,0.0,,,,,,,,,,,,,,,,,,,,,,,,,,,,,,,,,,
Meizhou,Guangdong,梅州市,广东省,0.0,0.0,0.0,0.0,0.0,0.0,,,,,,,,,,,,,,,,,,,,,,,,,,,,,,,,,,
Qingyuan,Guangdong,清远市,广东省,0.0,0.0,0.0,0.0,0.0,0.0,,,,,,,,,,,,,,,,,,,,,,,,,,,,,,,,,,
Jieyang,Guangdong,揭阳市,广东省,0.0,0.0,0.0,0.0,0.0,0.0,,,,,,,,,,,,,,,,,,,,,,,,,,,,,,,,,,
Shaoguan,Guangdong,韶关市,广东省,0.0,0.0,0.0,0.0,0.0,0.0,,,,,,,,,,,,,,,,,,,,,,,,,,,,,,,,,,
Shanwei,Guangdong,汕尾市,广东省,0.0,0.0,0.0,0.0,0.0,0.0,,,,,,,,,,,,,,,,,,,,,,,,,,,,,,,,,,
Maoming,Guangdong,茂名市,广东省,0.0,0.0,0.0,0.0,0.0,0.0,,,,,,,,,,,,,,,,,,,,,,,,,,,,,,,,,,
Jiangmen,Guangdong,江门市,广东省,0.0,0.0,0.0,0.0,0.0,0.0,,,,,,,,,,,,,,,,,,,,,,,,,,,,,,,,,,
Heyuan,Guangdong,河源市,广东省,0.0,0.0,0.0,0.0,0.0,0.0,,,,,,,,,,,,,,,,,,,,,,,,,,,,,,,,,,
Chaozhou,Guangdong,潮州市,广东省,0.0,0.0,0.0,0.0,0.0,0.0,,,,,,,,,,,,,,,,,,,,,,,,,,,,,,,,,,
Nanning,Guangxi Zhuang Autonomous Region,南宁市,广西壮族自治区,,,0.0,0.0,0.0,0.0,0.0,0.0,0.0,0.0,0.0,0.0,0.0,0.0,0.0,0.0,0.0,0.0,0.0,0.0,0.0,0.0,1.0,0.0,1.0,0.0,3.0,2.0,2.0,5.0,1.0,1.0,3.0,1.0,5.0,2.0,6.0,2.0,2.0,4.0
Liuzhou,Guangxi Zhuang Autonomous Region,柳州市,广西壮族自治区,,,0.0,0.0,0.0,0.0,0.0,0.0,0.0,0.0,0.0,0.0,0.0,0.0,1.0,2.0,0.0,0.0,0.0,0.0,0.0,0.0,1.0,0.0,0.0,1.0,0.0,0.0,0.0,2.0,1.0,0.0,0.0,1.0,0.0,0.0,3.0,0.0,0.0,1.0
Guilin,Guangxi Zhuang Autonomous Region,桂林市,广西壮族自治区,,,0.0,0.0,0.0,0.0,0.0,0.0,0.0,0.0,0.0,0.0,0.0,4.0,0.0,1.0,0.0,0.0,0.0,0.0,0.0,0.0,0.0,0.0,0.0,5.0,0.0,2.0,3.0,0.0,0.0,2.0,0.0,0.0,6.0,0.0,1.0,0.0,0.0,2.0
Wuzhou,Guangxi Zhuang Autonomous Region,梧州市,广西壮族自治区,,,0.0,0.0,0.0,0.0,0.0,1.0,0.0,0.0,0.0,0.0,0.0,1.0,0.0,0.0,0.0,0.0,1.0,0.0,0.0,0.0,0.0,0.0,0.0,0.0,0.0,0.0,0.0,0.0,0.0,0.0,0.0,0.0,0.0,0.0,0.0,0.0,0.0,0.0
Beihai,Guangxi Zhuang Autonomous Region,北海市,广西壮族自治区,,,0.0,0.0,0.0,0.0,0.0,0.0,0.0,0.0,0.0,0.0,0.0,0.0,2.0,0.0,0.0,0.0,0.0,0.0,0.0,0.0,0.0,0.0,3.0,0.0,2.0,1.0,4.0,0.0,0.0,0.0,0.0,0.0,7.0,3.0,5.0,3.0,1.0,0.0
Fangchenggang,Guangxi Zhuang Autonomous Region,防城港市,广西壮族自治区,,,0.0,0.0,0.0,0.0,0.0,1.0,0.0,0.0,0.0,0.0,0.0,0.0,0.0,0.0,0.0,0.0,0.0,0.0,0.0,0.0,0.0,0.0,0.0,0.0,0.0,0.0,5.0,0.0,0.0,0.0,0.0,0.0,2.0,0.0,0.0,0.0,2.0,0.0
Qinzhou,Guangxi Zhuang Autonomous Region,钦州市,广西壮族自治区,,,0.0,0.0,0.0,0.0,0.0,0.0,0.0,0.0,0.0,0.0,0.0,0.0,0.0,0.0,0.0,0.0,0.0,0.0,0.0,0.0,0.0,0.0,1.0,0.0,0.0,0.0,0.0,0.0,5.0,0.0,0.0,1.0,0.0,0.0,0.0,0.0,0.0,0.0
Guigang,Guangxi Zhuang Autonomous Region,贵港市,广西壮族自治区,,,0.0,0.0,0.0,0.0,0.0,0.0,0.0,0.0,0.0,0.0,0.0,0.0,0.0,0.0,0.0,0.0,0.0,0.0,0.0,0.0,0.0,2.0,0.0,0.0,0.0,1.0,0.0,0.0,0.0,0.0,0.0,0.0,1.0,0.0,1.0,1.0,0.0,0.0
Yulin,Guangxi Zhuang Autonomous Region,玉林市,广西壮族自治区,,,0.0,0.0,0.0,0.0,0.0,0.0,0.0,0.0,0.0,0.0,0.0,0.0,0.0,1.0,0.0,0.0,0.0,0.0,0.0,0.0,0.0,0.0,0.0,0.0,0.0,1.0,2.0,0.0,0.0,0.0,2.0,0.0,0.0,1.0,0.0,0.0,0.0,0.0
Baise,Guangxi Zhuang Autonomous Region,百色市,广西壮族自治区,,,0.0,0.0,0.0,0.0,0.0,0.0,0.0,0.0,0.0,0.0,0.0,0.0,0.0,0.0,0.0,0.0,0.0,0.0,0.0,0.0,0.0,0.0,0.0,0.0,0.0,0.0,2.0,0.0,0.0,0.0,0.0,0.0,0.0,1.0,0.0,0.0,0.0,0.0
Hezhou,Guangxi Zhuang Autonomous Region,贺州市,广西壮族自治区,,,0.0,0.0,0.0,0.0,0.0,0.0,0.0,0.0,0.0,0.0,0.0,0.0,0.0,0.0,0.0,0.0,0.0,0.0,0.0,0.0,0.0,0.0,0.0,0.0,0.0,0.0,0.0,0.0,1.0,1.0,0.0,0.0,0.0,2.0,0.0,0.0,0.0,0.0
Hechi,Guangxi Zhuang Autonomous Region,河池市,广西壮族自治区,,,0.0,0.0,0.0,0.0,0.0,0.0,0.0,0.0,0.0,0.0,0.0,0.0,0.0,0.0,0.0,0.0,0.0,0.0,0.0,0.0,0.0,0.0,0.0,0.0,0.0,0.0,0.0,4.0,0.0,0.0,0.0,0.0,1.0,0.0,3.0,0.0,0.0,0.0
Laibin,Guangxi Zhuang Autonomous Region,来宾市,广西壮族自治区,,,0.0,0.0,0.0,0.0,0.0,0.0,0.0,0.0,0.0,0.0,0.0,0.0,0.0,0.0,0.0,0.0,0.0,0.0,0.0,0.0,0.0,0.0,0.0,0.0,0.0,0.0,0.0,0.0,0.0,0.0,0.0,0.0,0.0,0.0,2.0,1.0,1.0,0.0
Chongzuo,Guangxi Zhuang Autonomous Region,崇左市,广西壮族自治区,,,0.0,0.0,0.0,0.0,0.0,0.0,0.0,0.0,0.0,0.0,0.0,0.0,0.0,0.0,0.0,0.0,0.0,0.0,0.0,0.0,0.0,0.0,0.0,0.0,0.0,0.0,0.0,0.0,0.0,0.0,0.0,0.0,0.0,0.0,0.0,0.0,0.0,0.0
Haikou,Hainan,海口市,海南省,,,,,,,,0.0,,0.0,0.0,0.0,,0.0,,0.0,1.0,0.0,1.0,2.0,0.0,1.0,1.0,0.0,2.0,0.0,3.0,4.0,1.0,1.0,0.0,1.0,1.0,1.0,2.0,6.0,1.0,1.0,1.0,2.0
Sanya,Hainan,三亚市,海南省,,,,,,,,0.0,,0.0,0.0,0.0,,0.0,,1.0,1.0,3.0,1.0,1.0,0.0,0.0,0.0,3.0,1.0,0.0,0.0,0.0,7.0,0.0,3.0,5.0,3.0,0.0,6.0,1.0,4.0,0.0,0.0,7.0
Danzhou,Hainan,儋州市,海南省,,,,,,,,0.0,,0.0,0.0,0.0,,0.0,,0.0,0.0,0.0,1.0,0.0,0.0,0.0,1.0,0.0,0.0,0.0,5.0,1.0,1.0,2.0,0.0,0.0,1.0,0.0,0.0,0.0,0.0,0.0,0.0,0.0
Wenchang,Hainan,文昌市,海南省,,,,,,,,0.0,,0.0,0.0,0.0,,0.0,,0.0,0.0,0.0,0.0,0.0,0.0,0.0,1.0,0.0,0.0,0.0,0.0,0.0,1.0,1.0,0.0,0.0,0.0,0.0,0.0,0.0,0.0,0.0,0.0,0.0
Qionghai,Hainan,琼海市,海南省,,,,,,,,0.0,,0.0,0.0,0.0,,0.0,,0.0,0.0,0.0,0.0,0.0,0.0,0.0,0.0,0.0,1.0,0.0,2.0,0.0,1.0,0.0,0.0,0.0,0.0,0.0,0.0,0.0,0.0,0.0,1.0,0.0
Wanning,Hainan,万宁市,海南省,,,,,,,,0.0,,0.0,0.0,0.0,,0.0,,0.0,0.0,0.0,0.0,0.0,0.0,0.0,1.0,0.0,2.0,0.0,1.0,0.0,5.0,0.0,0.0,0.0,0.0,0.0,2.0,0.0,0.0,1.0,0.0,0.0
Dongfang,Hainan,东方市,海南省,,,,,,,,0.0,,0.0,0.0,0.0,,0.0,,0.0,0.0,0.0,0.0,0.0,0.0,0.0,1.0,0.0,0.0,1.0,0.0,0.0,0.0,0.0,0.0,0.0,0.0,0.0,0.0,0.0,0.0,0.0,0.0,0.0
Chengmai County,Hainan,澄迈县,海南省,,,,,,,,0.0,,0.0,0.0,0.0,,0.0,,0.0,1.0,0.0,0.0,0.0,0.0,0.0,0.0,0.0,1.0,0.0,0.0,0.0,3.0,0.0,0.0,1.0,0.0,0.0,0.0,0.0,0.0,1.0,0.0,0.0
Lingao County,Hainan,临高县,海南省,,,,,,,,0.0,,0.0,0.0,0.0,,0.0,,0.0,0.0,0.0,0.0,1.0,0.0,0.0,1.0,0.0,1.0,0.0,0.0,1.0,0.0,0.0,0.0,0.0,0.0,1.0,0.0,1.0,0.0,0.0,0.0,0.0
Changjiang,Hainan,昌江县,海南省,,,,,,,,0.0,,0.0,0.0,0.0,,0.0,,0.0,0.0,0.0,0.0,0.0,0.0,0.0,0.0,0.0,0.0,0.0,0.0,1.0,0.0,1.0,0.0,0.0,1.0,0.0,0.0,0.0,0.0,1.0,2.0,1.0
Lingshui,Hainan,陵水县,海南省,,,,,,,,0.0,,0.0,0.0,0.0,,0.0,,0.0,0.0,0.0,0.0,0.0,0.0,0.0,0.0,0.0,0.0,0.0,0.0,0.0,1.0,0.0,0.0,0.0,2.0,0.0,0.0,0.0,0.0,0.0,0.0,0.0
Ding'an County,Hainan,定安县,海南省,,,,,,,,0.0,,0.0,0.0,0.0,,0.0,,0.0,0.0,0.0,0.0,0.0,0.0,0.0,1.0,0.0,0.0,0.0,1.0,0.0,0.0,0.0,0.0,0.0,0.0,0.0,0.0,0.0,0.0,0.0,0.0,0.0
Baoting,Hainan,保亭县,海南省,,,,,,,,0.0,,0.0,0.0,0.0,,0.0,,0.0,0.0,0.0,0.0,0.0,0.0,0.0,0.0,0.0,0.0,0.0,1.0,0.0,0.0,0.0,0.0,0.0,0.0,0.0,0.0,0.0,0.0,0.0,0.0,2.0
Ledong,Hainan,乐东县,海南省,,,,,,,,0.0,,0.0,0.0,0.0,,0.0,,0.0,0.0,0.0,0.0,0.0,0.0,0.0,0.0,0.0,0.0,0.0,0.0,0.0,0.0,0.0,2.0,0.0,0.0,0.0,0.0,0.0,0.0,0.0,0.0,0.0
Qiongzhong,Hainan,琼中县,海南省,,,,,,,,0.0,,0.0,0.0,0.0,,0.0,,0.0,0.0,0.0,1.0,0.0,0.0,0.0,0.0,0.0,0.0,0.0,0.0,0.0,0.0,0.0,0.0,0.0,0.0,0.0,0.0,0.0,0.0,0.0,0.0,0.0
,Chongqing,,重庆市,,0.0,0.0,0.0,0.0,0.0,0.0,0.0,1.0,0.0,0.0,2.0,4.0,2.0,5.0,1.0,9.0,7.0,8.0,12.0,15.0,13.0,23.0,26.0,24.0,32.0,23.0,18.0,29.0,20.0,25.0,17.0,12.0,7.0,14.0,23.0,12.0,,,
Chengdu,Sichuan,成都,四川省,,,0.0,0.0,0.0,0.0,0.0,0.0,,,,,,0.0,7.0,2.0,6.0,5.0,5.0,3.0,3.0,0.0,1.0,1.0,1.0,,4.0,3.0,5.0,8.0,2.0,4.0,3.0,0.0,1.0,2.0,2.0,2.0,3.0,0.0
Zigong,Sichuan,自贡,四川省,,,0.0,0.0,0.0,0.0,0.0,0.0,,,,,,0.0,0.0,0.0,0.0,2.0,0.0,0.0,0.0,0.0,0.0,0.0,0.0,,0.0,0.0,2.0,0.0,3.0,0.0,0.0,0.0,0.0,1.0,0.0,1.0,0.0,0.0
Panzhihua,Sichuan,攀枝花,四川省,,,0.0,0.0,0.0,0.0,0.0,0.0,,,,,,0.0,0.0,0.0,0.0,1.0,0.0,4.0,0.0,3.0,0.0,1.0,0.0,,0.0,1.0,0.0,0.0,0.0,2.0,3.0,0.0,0.0,0.0,0.0,0.0,0.0,0.0
Luzhou,Sichuan,泸州,四川省,,,0.0,0.0,0.0,0.0,0.0,0.0,,,,,,0.0,0.0,0.0,0.0,0.0,2.0,0.0,0.0,0.0,0.0,0.0,0.0,,1.0,0.0,0.0,2.0,1.0,0.0,0.0,2.0,2.0,2.0,5.0,3.0,0.0,0.0
Deyang,Sichuan,德阳,四川省,,,0.0,0.0,0.0,0.0,0.0,0.0,,,,,,0.0,0.0,0.0,0.0,0.0,0.0,0.0,0.0,0.0,0.0,0.0,0.0,,0.0,1.0,0.0,0.0,2.0,2.0,1.0,1.0,0.0,2.0,0.0,1.0,0.0,0.0
Mianyang,Sichuan,绵阳,四川省,,,0.0,0.0,0.0,0.0,0.0,0.0,,,,,,0.0,1.0,0.0,0.0,0.0,1.0,1.0,0.0,0.0,0.0,1.0,0.0,,0.0,3.0,1.0,0.0,0.0,2.0,0.0,0.0,0.0,2.0,0.0,0.0,1.0,0.0
Guangyuan,Sichuan,广元,四川省,,,0.0,0.0,0.0,0.0,0.0,0.0,,,,,,0.0,0.0,0.0,0.0,0.0,0.0,1.0,0.0,0.0,0.0,0.0,1.0,,1.0,0.0,1.0,0.0,0.0,1.0,0.0,1.0,0.0,0.0,0.0,0.0,0.0,0.0
Suining,Sichuan,遂宁,四川省,,,0.0,0.0,0.0,0.0,0.0,0.0,,,,,,1.0,0.0,0.0,1.0,0.0,0.0,0.0,0.0,0.0,2.0,0.0,0.0,,0.0,5.0,0.0,1.0,0.0,0.0,0.0,0.0,0.0,0.0,3.0,2.0,0.0,0.0
Neijiang,Sichuan,内江,四川省,,,0.0,0.0,0.0,0.0,0.0,0.0,,,,,,0.0,0.0,0.0,0.0,1.0,1.0,0.0,0.0,0.0,1.0,0.0,2.0,,0.0,1.0,0.0,0.0,4.0,0.0,0.0,1.0,2.0,0.0,2.0,3.0,0.0,0.0
Leshan,Sichuan,乐山,四川省,,,0.0,0.0,0.0,0.0,0.0,0.0,,,,,,0.0,0.0,0.0,0.0,0.0,0.0,0.0,0.0,0.0,0.0,2.0,0.0,,0.0,0.0,0.0,0.0,0.0,0.0,0.0,0.0,1.0,0.0,0.0,0.0,0.0,0.0
Nanchong,Sichuan,南充,四川省,,,0.0,0.0,0.0,0.0,0.0,0.0,,,,,,0.0,0.0,2.0,0.0,0.0,0.0,1.0,1.0,0.0,1.0,1.0,1.0,,0.0,3.0,1.0,1.0,1.0,3.0,2.0,2.0,0.0,1.0,0.0,0.0,0.0,1.0
Yibin,Sichuan,宜宾,四川省,,,0.0,0.0,0.0,0.0,0.0,0.0,,,,,,0.0,0.0,0.0,0.0,0.0,0.0,3.0,0.0,0.0,0.0,0.0,3.0,,0.0,0.0,0.0,1.0,0.0,0.0,1.0,0.0,0.0,2.0,0.0,0.0,0.0,0.0
Guang`an,Sichuan,广安,四川省,,,0.0,0.0,0.0,0.0,0.0,0.0,,,,,,0.0,0.0,0.0,0.0,2.0,0.0,0.0,0.0,0.0,2.0,2.0,1.0,,0.0,4.0,2.0,3.0,1.0,0.0,0.0,0.0,0.0,0.0,0.0,1.0,2.0,1.0
Dazhou,Sichuan,达州,四川省,,,0.0,0.0,0.0,0.0,0.0,0.0,,,,,,1.0,0.0,0.0,3.0,0.0,1.0,0.0,0.0,0.0,0.0,0.0,0.0,,1.0,2.0,0.0,3.0,0.0,2.0,0.0,0.0,2.0,0.0,5.0,1.0,5.0,1.0
Bazhong,Sichuan,巴中,四川省,,,0.0,0.0,0.0,0.0,0.0,0.0,,,,,,0.0,0.0,0.0,0.0,1.0,0.0,0.0,0.0,0.0,0.0,0.0,0.0,,2.0,0.0,0.0,0.0,7.0,0.0,0.0,0.0,0.0,0.0,1.0,0.0,1.0,0.0
Ya'an,Sichuan,雅安,四川省,,,0.0,0.0,0.0,0.0,0.0,0.0,,,,,,0.0,0.0,0.0,0.0,1.0,0.0,1.0,0.0,0.0,0.0,0.0,0.0,,0.0,0.0,0.0,1.0,1.0,0.0,0.0,0.0,1.0,1.0,0.0,0.0,0.0,0.0
Meishan,Sichuan,眉山,四川省,,,0.0,0.0,0.0,0.0,0.0,0.0,,,,,,0.0,1.0,0.0,0.0,0.0,0.0,0.0,0.0,0.0,0.0,1.0,0.0,,0.0,0.0,0.0,1.0,0.0,3.0,0.0,0.0,0.0,0.0,0.0,0.0,0.0,1.0
Ziyang,Sichuan,资阳,四川省,,,0.0,0.0,0.0,0.0,0.0,0.0,,,,,,0.0,0.0,0.0,0.0,0.0,0.0,1.0,0.0,0.0,0.0,1.0,0.0,,0.0,0.0,0.0,0.0,0.0,0.0,0.0,0.0,0.0,0.0,0.0,0.0,0.0,0.0
Aba Prefecture,Sichuan,阿坝,四川省,,,0.0,0.0,0.0,0.0,0.0,0.0,,,,,,0.0,0.0,0.0,0.0,0.0,0.0,0.0,0.0,0.0,0.0,0.0,0.0,,0.0,1.0,0.0,0.0,0.0,0.0,0.0,0.0,0.0,0.0,0.0,0.0,0.0,0.0
Ganzi Prefecture,Sichuan,甘孜,四川省,,,0.0,0.0,0.0,0.0,0.0,0.0,,,,,,0.0,0.0,0.0,0.0,0.0,0.0,0.0,2.0,0.0,1.0,0.0,0.0,,0.0,3.0,2.0,0.0,1.0,1.0,2.0,0.0,6.0,0.0,0.0,2.0,11.0,9.0
Liangshan Prefecture,Sichuan,凉山,四川省,,,0.0,0.0,0.0,0.0,0.0,0.0,,,,,,0.0,0.0,0.0,0.0,0.0,0.0,1.0,0.0,0.0,0.0,2.0,1.0,,0.0,0.0,0.0,0.0,1.0,0.0,2.0,0.0,0.0,1.0,0.0,0.0,1.0,0.0
贵阳市,Guizhou,Guiyang,贵州省,,0.0,0.0,0.0,0.0,0.0,0.0,1.0,0.0,0.0,0.0,0.0,0.0,0.0,0.0,0.0,0.0,0.0,0.0,0.0,0.0,2.0,0.0,1.0,0.0,2.0,4.0,3.0,0.0,1.0,3.0,1.0,0.0,5.0,0.0,0.0,4.0,0.0,0.0,0.0
遵义市,Guizhou,Zunyi,贵州省,,0.0,0.0,0.0,0.0,0.0,0.0,0.0,0.0,0.0,0.0,0.0,0.0,0.0,0.0,0.0,0.0,0.0,1.0,0.0,0.0,0.0,0.0,0.0,2.0,0.0,2.0,7.0,3.0,1.0,1.0,1.0,0.0,0.0,0.0,0.0,1.0,0.0,0.0,0.0
六盘水市,Guizhou,Liupanshui,贵州省,,0.0,0.0,0.0,0.0,0.0,0.0,0.0,0.0,0.0,0.0,0.0,0.0,0.0,0.0,0.0,0.0,0.0,0.0,0.0,0.0,1.0,0.0,2.0,0.0,0.0,0.0,3.0,0.0,0.0,0.0,0.0,1.0,1.0,0.0,0.0,0.0,0.0,0.0,0.0
安顺市,Guizhou,Anshun,贵州省,,0.0,0.0,0.0,0.0,0.0,0.0,0.0,0.0,0.0,0.0,0.0,0.0,0.0,0.0,0.0,0.0,0.0,0.0,0.0,0.0,0.0,0.0,0.0,0.0,0.0,1.0,0.0,0.0,0.0,0.0,0.0,0.0,2.0,0.0,0.0,1.0,0.0,0.0,0.0
毕节市,Guizhou,Bijie,贵州省,,0.0,0.0,0.0,0.0,0.0,0.0,0.0,0.0,0.0,0.0,0.0,0.0,0.0,0.0,0.0,0.0,0.0,0.0,0.0,0.0,2.0,0.0,2.0,1.0,1.0,1.0,3.0,0.0,0.0,0.0,3.0,0.0,1.0,0.0,1.0,0.0,0.0,0.0,0.0
铜仁市,Guizhou,Tongren,贵州省,,0.0,0.0,0.0,0.0,0.0,0.0,0.0,0.0,0.0,1.0,0.0,0.0,0.0,0.0,1.0,0.0,0.0,0.0,0.0,3.0,0.0,0.0,1.0,0.0,1.0,0.0,2.0,0.0,0.0,0.0,1.0,0.0,0.0,0.0,0.0,0.0,0.0,0.0,0.0
黔东南州,Guizhou,Qiandongnan Prefecture,贵州省,,0.0,0.0,0.0,0.0,0.0,0.0,0.0,0.0,0.0,0.0,0.0,0.0,0.0,0.0,0.0,0.0,0.0,0.0,0.0,0.0,1.0,1.0,0.0,1.0,0.0,1.0,0.0,0.0,0.0,1.0,3.0,0.0,1.0,1.0,0.0,0.0,0.0,0.0,0.0
黔南州,Guizhou,Qiannan Prefecture,贵州省,,0.0,0.0,0.0,0.0,0.0,0.0,0.0,0.0,0.0,0.0,0.0,0.0,0.0,3.0,0.0,0.0,0.0,0.0,0.0,0.0,0.0,0.0,2.0,0.0,0.0,1.0,1.0,0.0,0.0,0.0,5.0,0.0,1.0,0.0,0.0,2.0,0.0,0.0,0.0
黔西南州,Guizhou,Qianxinan Prefecture,贵州省,,0.0,0.0,0.0,0.0,0.0,0.0,0.0,0.0,0.0,0.0,0.0,0.0,0.0,0.0,0.0,0.0,0.0,0.0,0.0,0.0,1.0,2.0,0.0,1.0,0.0,0.0,0.0,0.0,0.0,0.0,0.0,0.0,0.0,0.0,0.0,0.0,0.0,0.0,0.0
昆明市,Yunnan,Kunming,云南省,,,,0.0,0.0,0.0,0.0,0.0,0.0,0.0,0.0,0.0,0.0,,0.0,0.0,,,,,0.0,0.0,1.0,1.0,0.0,0.0,0.0,3.0,2.0,2.0,9.0,8.0,0.0,0.0,4.0,0.0,12.0,0.0,0.0,0.0
昭通市,Yunnan,Zhaotong,云南省,,,,0.0,0.0,0.0,0.0,0.0,0.0,0.0,0.0,0.0,0.0,,0.0,0.0,,,,,0.0,0.0,0.0,0.0,0.0,0.0,0.0,0.0,0.0,0.0,3.0,1.0,4.0,4.0,0.0,1.0,0.0,0.0,5.0,0.0
西双版纳州,Yunnan,Xishuangbanna Prefecture,云南省,,,,0.0,0.0,0.0,0.0,0.0,0.0,0.0,0.0,0.0,0.0,,0.0,0.0,,,,,0.0,0.0,0.0,0.0,1.0,0.0,0.0,1.0,0.0,0.0,0.0,0.0,5.0,3.0,0.0,0.0,0.0,2.0,0.0,0.0
玉溪市,Yunnan,Yuxi,云南省,,,,0.0,0.0,0.0,0.0,0.0,0.0,0.0,0.0,0.0,0.0,,0.0,0.0,,,,,0.0,1.0,0.0,0.0,0.0,0.0,0.0,0.0,0.0,0.0,6.0,0.0,0.0,0.0,3.0,0.0,0.0,0.0,0.0,0.0
曲靖市,Yunnan,Qujing,云南省,,,,0.0,0.0,0.0,0.0,0.0,0.0,0.0,0.0,0.0,1.0,,0.0,0.0,,,,,0.0,0.0,0.0,0.0,4.0,0.0,0.0,1.0,0.0,0.0,0.0,2.0,0.0,1.0,0.0,1.0,0.0,2.0,0.0,0.0
大理州,Yunnan,Dali Prefecture,云南省,,,,0.0,0.0,0.0,0.0,0.0,0.0,0.0,0.0,1.0,0.0,,0.0,0.0,,,,,0.0,0.0,1.0,0.0,3.0,0.0,0.0,0.0,4.0,0.0,0.0,0.0,1.0,0.0,1.0,0.0,0.0,0.0,0.0,1.0
保山市,Yunnan,Baoshan,云南省,,,,0.0,0.0,0.0,0.0,0.0,0.0,0.0,0.0,0.0,0.0,,0.0,0.0,,,,,0.0,0.0,0.0,0.0,0.0,2.0,0.0,0.0,0.0,1.0,0.0,1.0,1.0,0.0,0.0,2.0,1.0,0.0,0.0,0.0
红河州,Yunnan,Honghe Prefecture,云南省,,,,0.0,0.0,0.0,0.0,0.0,0.0,0.0,1.0,0.0,0.0,,0.0,0.0,,,,,0.0,0.0,1.0,0.0,0.0,0.0,0.0,0.0,0.0,0.0,0.0,1.0,0.0,0.0,0.0,1.0,0.0,2.0,1.0,0.0
丽江市,Yunnan,Lijiang,云南省,,,,0.0,0.0,0.0,0.0,0.0,0.0,0.0,0.0,0.0,0.0,,0.0,0.0,,,,,1.0,0.0,0.0,0.0,0.0,3.0,0.0,0.0,2.0,0.0,0.0,0.0,0.0,0.0,0.0,0.0,0.0,0.0,0.0,0.0
德宏州,Yunnan,Dehong Prefecture,云南省,,,,0.0,0.0,0.0,0.0,0.0,0.0,0.0,0.0,0.0,0.0,,0.0,0.0,,,,,0.0,0.0,0.0,2.0,0.0,0.0,0.0,0.0,0.0,0.0,0.0,0.0,0.0,0.0,0.0,0.0,2.0,0.0,0.0,0.0
普洱市,Yunnan,Pu'er,云南省,,,,0.0,0.0,0.0,0.0,0.0,0.0,0.0,0.0,0.0,0.0,,0.0,0.0,,,,,0.0,0.0,0.0,0.0,0.0,1.0,0.0,0.0,2.0,0.0,0.0,1.0,0.0,0.0,0.0,0.0,0.0,0.0,0.0,0.0
楚雄州,Yunnan,Chuxiong Prefecture,云南省,,,,0.0,0.0,0.0,0.0,0.0,0.0,0.0,0.0,0.0,0.0,,0.0,0.0,,,,,0.0,0.0,0.0,1.0,0.0,0.0,0.0,0.0,0.0,0.0,1.0,2.0,0.0,0.0,0.0,0.0,0.0,0.0,0.0,0.0
文山州,Yunnan,Wenshan Prefecture,云南省,,,,0.0,0.0,0.0,0.0,0.0,0.0,0.0,0.0,0.0,0.0,,0.0,0.0,,,,,0.0,0.0,0.0,0.0,0.0,0.0,0.0,0.0,0.0,0.0,0.0,1.0,0.0,0.0,1.0,0.0,0.0,0.0,0.0,0.0
临沧市,Yunnan,Lincang,云南省,,,,0.0,0.0,0.0,0.0,0.0,0.0,0.0,0.0,0.0,0.0,,0.0,0.0,,,,,0.0,0.0,0.0,0.0,0.0,1.0,0.0,0.0,0.0,0.0,0.0,0.0,0.0,0.0,0.0,0.0,0.0,0.0,0.0,0.0
迪庆州,Yunnan,Diqing Prefecture,云南省,,,,0.0,0.0,0.0,0.0,0.0,0.0,0.0,0.0,0.0,0.0,,0.0,0.0,,,,,0.0,0.0,0.0,0.0,0.0,0.0,0.0,0.0,0.0,0.0,0.0,0.0,0.0,0.0,0.0,0.0,0.0,0.0,0.0,0.0
怒江州,Yunnan,Nujiang Prefecture,云南省,,,,0.0,0.0,0.0,0.0,0.0,0.0,0.0,0.0,0.0,0.0,,0.0,0.0,,,,,0.0,0.0,0.0,0.0,0.0,0.0,0.0,0.0,0.0,0.0,0.0,0.0,0.0,0.0,0.0,0.0,0.0,0.0,0.0,0.0
Lhasa,Tibet Autonomous Region,拉萨市,西藏自治区,,,,,,,,,0.0,0.0,0.0,0.0,0.0,0.0,0.0,0.0,0.0,0.0,0.0,0.0,0.0,0.0,1.0,0.0,0.0,0.0,0.0,0.0,0.0,0.0,0.0,0.0,0.0,0.0,0.0,0.0,0.0,0.0,0.0,0.0
Xi'an,Shaanxi,西安市,陕西省,,,0.0,0.0,0.0,0.0,0.0,0.0,0.0,0.0,0.0,0.0,0.0,0.0,,,,,,,,,,,,,,,,,,,,,,,,,,
Baoji,Shaanxi,宝鸡市,陕西省,,,0.0,0.0,0.0,0.0,0.0,0.0,0.0,0.0,0.0,0.0,0.0,0.0,,,,,,,,,,,,,,,,,,,,,,,,,,
Xianyang,Shaanxi,咸阳市,陕西省,,,0.0,0.0,0.0,0.0,0.0,0.0,0.0,0.0,0.0,0.0,0.0,0.0,,,,,,,,,,,,,,,,,,,,,,,,,,
Tongchuan,Shaanxi,铜川市,陕西省,,,0.0,0.0,0.0,0.0,0.0,0.0,0.0,0.0,0.0,0.0,0.0,0.0,,,,,,,,,,,,,,,,,,,,,,,,,,
Weinan,Shaanxi,渭南市,陕西省,,,0.0,0.0,0.0,0.0,0.0,0.0,0.0,0.0,0.0,0.0,0.0,0.0,,,,,,,,,,,,,,,,,,,,,,,,,,
Yan'an,Shaanxi,延安市,陕西省,,,0.0,0.0,0.0,0.0,0.0,0.0,0.0,0.0,0.0,0.0,0.0,0.0,,,,,,,,,,,,,,,,,,,,,,,,,,
Yulin,Shaanxi,榆林市,陕西省,,,0.0,0.0,0.0,0.0,0.0,0.0,0.0,0.0,0.0,0.0,0.0,0.0,,,,,,,,,,,,,,,,,,,,,,,,,,
Hanzhong,Shaanxi,汉中市,陕西省,,,0.0,0.0,0.0,0.0,0.0,0.0,0.0,0.0,0.0,0.0,0.0,0.0,,,,,,,,,,,,,,,,,,,,,,,,,,
Ankang,Shaanxi,安康市,陕西省,,,0.0,0.0,0.0,0.0,0.0,0.0,0.0,0.0,0.0,0.0,0.0,0.0,,,,,,,,,,,,,,,,,,,,,,,,,,
Shangluo,Shaanxi,商洛市,陕西省,,,0.0,0.0,0.0,0.0,0.0,0.0,0.0,0.0,0.0,0.0,0.0,0.0,,,,,,,,,,,,,,,,,,,,,,,,,,
Yangling District,Shaanxi,杨凌示范区,陕西省,,,0.0,0.0,0.0,0.0,0.0,0.0,0.0,0.0,0.0,0.0,0.0,0.0,,,,,,,,,,,,,,,,,,,,,,,,,,
Hancheng,Shaanxi,韩城市,陕西省,,,0.0,0.0,0.0,0.0,0.0,0.0,0.0,0.0,0.0,0.0,0.0,0.0,,,,,,,,,,,,,,,,,,,,,,,,,,
临夏州,Gansu,Linxia Prefecture,甘肃省,,,0.0,0.0,0.0,0.0,0.0,0.0,0.0,0.0,0.0,0.0,0.0,0.0,0.0,2.0,0.0,0.0,0.0,0.0,0.0,0.0,0.0,1.0,0.0,0.0,0.0,0.0,0.0,0.0,0.0,0.0,0.0,0.0,0.0,0.0,0.0,0.0,0.0,0.0
兰州市,Gansu,Lanzhou,甘肃省,,,0.0,0.0,0.0,0.0,0.0,0.0,0.0,0.0,0.0,0.0,2.0,0.0,1.0,0.0,2.0,0.0,3.0,2.0,4.0,0.0,1.0,2.0,0.0,0.0,3.0,0.0,3.0,1.0,3.0,2.0,0.0,2.0,0.0,0.0,1.0,0.0,0.0,0.0
天水市,Gansu,Tianshui,甘肃省,,,0.0,0.0,0.0,0.0,0.0,0.0,0.0,0.0,0.0,0.0,0.0,0.0,0.0,0.0,1.0,0.0,0.0,0.0,0.0,1.0,4.0,0.0,3.0,0.0,0.0,2.0,0.0,1.0,0.0,0.0,0.0,0.0,0.0,0.0,0.0,0.0,0.0,0.0
定西市,Gansu,Dingxi,甘肃省,,,0.0,0.0,0.0,0.0,0.0,0.0,0.0,0.0,0.0,0.0,1.0,0.0,0.0,0.0,0.0,0.0,0.0,0.0,1.0,0.0,0.0,2.0,0.0,4.0,0.0,0.0,0.0,0.0,0.0,0.0,0.0,0.0,0.0,0.0,0.0,0.0,0.0,0.0
平凉市,Gansu,Pingliang,甘肃省,,,0.0,0.0,0.0,0.0,0.0,0.0,0.0,0.0,0.0,0.0,0.0,0.0,0.0,0.0,0.0,0.0,0.0,0.0,0.0,0.0,1.0,0.0,0.0,0.0,0.0,2.0,0.0,1.0,2.0,0.0,0.0,0.0,0.0,0.0,0.0,0.0,0.0,0.0
庆阳市,Gansu,Qingyang,甘肃省,,,0.0,0.0,0.0,0.0,0.0,0.0,0.0,0.0,0.0,0.0,0.0,0.0,0.0,0.0,0.0,0.0,0.0,0.0,0.0,1.0,0.0,1.0,0.0,0.0,0.0,0.0,0.0,0.0,0.0,0.0,0.0,0.0,0.0,0.0,0.0,0.0,0.0,0.0
张掖市,Gansu,Zhangye,甘肃省,,,0.0,0.0,0.0,0.0,0.0,0.0,0.0,0.0,0.0,0.0,0.0,0.0,0.0,0.0,0.0,0.0,0.0,1.0,0.0,0.0,0.0,1.0,0.0,0.0,0.0,0.0,0.0,0.0,0.0,0.0,0.0,0.0,0.0,0.0,0.0,0.0,0.0,0.0
甘南州,Gansu,Gannan Prefecture,甘肃省,,,0.0,0.0,0.0,0.0,0.0,0.0,0.0,0.0,0.0,0.0,0.0,0.0,0.0,0.0,0.0,0.0,0.0,0.0,0.0,1.0,0.0,1.0,0.0,0.0,2.0,0.0,0.0,0.0,0.0,2.0,0.0,0.0,2.0,0.0,0.0,0.0,0.0,0.0
白银市,Gansu,Baiyin,甘肃省,,,0.0,0.0,0.0,0.0,0.0,0.0,0.0,0.0,0.0,0.0,0.0,0.0,0.0,0.0,0.0,0.0,0.0,0.0,0.0,0.0,0.0,0.0,0.0,1.0,0.0,0.0,0.0,0.0,1.0,1.0,0.0,0.0,0.0,0.0,0.0,1.0,0.0,0.0
金昌市,Gansu,Jinchang,甘肃省,,,0.0,0.0,0.0,0.0,0.0,0.0,0.0,0.0,0.0,0.0,0.0,0.0,0.0,0.0,0.0,0.0,0.0,1.0,0.0,0.0,0.0,0.0,0.0,0.0,0.0,0.0,0.0,0.0,0.0,0.0,0.0,0.0,0.0,0.0,0.0,0.0,0.0,0.0
陇南市,Gansu,Longnan,甘肃省,,,0.0,0.0,0.0,0.0,0.0,0.0,0.0,0.0,0.0,0.0,0.0,0.0,0.0,0.0,0.0,0.0,0.0,0.0,0.0,0.0,1.0,0.0,2.0,0.0,0.0,0.0,1.0,0.0,0.0,0.0,0.0,0.0,0.0,0.0,0.0,0.0,0.0,0.0
Xining,Qinghai,西宁市,青海省,,,,,,,,,,,,,,,,,,,,,,,,,,,,,,,,,,,,,,,,
Haixi Mongol and Tibetan Autonomous Prefecture,Qinghai,海西蒙古族藏族自治州,青海省,,,,,,,,,,,,,,,,,,,,,,,,,,,,,,,,,,,,,,,,
Haidong,Qinghai,海东市,青海省,,,,,0.0,0.0,0.0,0.0,0.0,0.0,0.0,0.0,0.0,0.0,0.0,0.0,0.0,0.0,0.0,0.0,0.0,0.0,0.0,0.0,0.0,0.0,0.0,0.0,0.0,0.0,0.0,0.0,0.0,0.0,0.0,0.0,0.0,0.0,0.0,0.0
Haibei Tibetan Autonomous Prefecture,Qinghai,海北藏族自治州,青海省,,,,,0.0,0.0,0.0,0.0,0.0,0.0,0.0,0.0,0.0,0.0,0.0,0.0,0.0,0.0,0.0,0.0,0.0,0.0,0.0,0.0,0.0,0.0,0.0,0.0,0.0,0.0,0.0,0.0,0.0,0.0,0.0,0.0,0.0,0.0,0.0,0.0
Huangnan Tibetan Autonomous Prefecture,Qinghai,黄南藏族自治州,青海省,,,,,0.0,0.0,0.0,0.0,0.0,0.0,0.0,0.0,0.0,0.0,0.0,0.0,0.0,0.0,0.0,0.0,0.0,0.0,0.0,0.0,0.0,0.0,0.0,0.0,0.0,0.0,0.0,0.0,0.0,0.0,0.0,0.0,0.0,0.0,0.0,0.0
Hainan Tibetan Autonomous Prefecture,Qinghai,海南藏族自治州,青海省,,,,,0.0,0.0,0.0,0.0,0.0,0.0,0.0,0.0,0.0,0.0,0.0,0.0,0.0,0.0,0.0,0.0,0.0,0.0,0.0,0.0,0.0,0.0,0.0,0.0,0.0,0.0,0.0,0.0,0.0,0.0,0.0,0.0,0.0,0.0,0.0,0.0
Golog Tibetan Autonomous Prefecture,Qinghai,果洛藏族自治州,青海省,,,,,0.0,0.0,0.0,0.0,0.0,0.0,0.0,0.0,0.0,0.0,0.0,0.0,0.0,0.0,0.0,0.0,0.0,0.0,0.0,0.0,0.0,0.0,0.0,0.0,0.0,0.0,0.0,0.0,0.0,0.0,0.0,0.0,0.0,0.0,0.0,0.0
Yushu Tibetan Autonomous Prefecture,Qinghai,玉树藏族自治州,青海省,,,,,0.0,0.0,0.0,0.0,0.0,0.0,0.0,0.0,0.0,0.0,0.0,0.0,0.0,0.0,0.0,0.0,0.0,0.0,0.0,0.0,0.0,0.0,0.0,0.0,0.0,0.0,0.0,0.0,0.0,0.0,0.0,0.0,0.0,0.0,0.0,0.0
银川市,Ningxia Hui Autonomous Region,Yinchuan,宁夏回族自治区,,,,,0.0,0.0,0.0,0.0,0.0,0.0,0.0,0.0,0.0,1.0,0.0,0.0,0.0,2.0,2.0,0.0,0.0,5.0,2.0,0.0,3.0,5.0,0.0,2.0,3.0,0.0,2.0,1.0,0.0,1.0,0.0,1.0,0.0,2.0,0.0,0.0
石嘴山市,Ningxia Hui Autonomous Region,Shizuishan,宁夏回族自治区,,,,,0.0,0.0,0.0,0.0,0.0,0.0,0.0,0.0,0.0,0.0,0.0,0.0,0.0,0.0,0.0,0.0,0.0,1.0,0.0,0.0,0.0,0.0,0.0,0.0,0.0,0.0,0.0,0.0,0.0,0.0,0.0,0.0,0.0,0.0,0.0,0.0
吴忠市,Ningxia Hui Autonomous Region,Wuzhong,宁夏回族自治区,,,,,0.0,0.0,0.0,0.0,0.0,0.0,0.0,0.0,0.0,0.0,0.0,0.0,0.0,0.0,4.0,0.0,0.0,2.0,0.0,0.0,0.0,0.0,0.0,0.0,3.0,0.0,0.0,3.0,0.0,7.0,1.0,2.0,3.0,1.0,0.0,1.0
固原市,Ningxia Hui Autonomous Region,Guyuan,宁夏回族自治区,,,,,0.0,0.0,0.0,0.0,0.0,0.0,0.0,0.0,0.0,0.0,0.0,0.0,0.0,0.0,2.0,0.0,0.0,0.0,0.0,0.0,0.0,0.0,0.0,0.0,1.0,0.0,0.0,0.0,0.0,1.0,0.0,0.0,1.0,0.0,0.0,0.0
中卫市,Ningxia Hui Autonomous Region,Zhongwei,宁夏回族自治区,,,,,0.0,0.0,0.0,0.0,0.0,0.0,0.0,0.0,0.0,0.0,0.0,0.0,0.0,0.0,2.0,0.0,0.0,0.0,0.0,0.0,0.0,1.0,0.0,0.0,0.0,0.0,0.0,0.0,0.0,0.0,0.0,0.0,0.0,0.0,0.0,0.0
宁东,Ningxia Hui Autonomous Region,Ningdong,宁夏回族自治区,,,,,0.0,0.0,0.0,0.0,0.0,0.0,0.0,0.0,0.0,0.0,0.0,0.0,0.0,0.0,0.0,0.0,1.0,0.0,0.0,0.0,0.0,0.0,0.0,0.0,0.0,0.0,0.0,0.0,0.0,0.0,0.0,0.0,0.0,0.0,0.0,0.0
乌鲁木齐市,Xinjiang Uygur Autonomous Region,Ürümqi,新疆维吾尔自治区,,,0.0,0.0,0.0,0.0,0.0,0.0,0.0,0.0,0.0,0.0,0.0,0.0,0.0,0.0,0.0,0.0,0.0,0.0,0.0,2.0,0.0,0.0,0.0,1.0,1.0,0.0,2.0,2.0,2.0,0.0,0.0,3.0,0.0,0.0,0.0,1.0,2.0,1.0
伊犁州,Xinjiang Uygur Autonomous Region,Ili Kazakh Autonomous Prefecture,新疆维吾尔自治区,,,0.0,0.0,0.0,0.0,0.0,0.0,0.0,0.0,0.0,0.0,0.0,0.0,0.0,0.0,0.0,0.0,0.0,0.0,0.0,0.0,0.0,1.0,0.0,3.0,0.0,0.0,0.0,2.0,0.0,0.0,0.0,0.0,0.0,0.0,2.0,2.0,2.0,6.0
昌吉州,Xinjiang Uygur Autonomous Region,Changji Hui Autonomous Prefecture,新疆维吾尔自治区,,,0.0,0.0,0.0,0.0,0.0,0.0,0.0,0.0,0.0,0.0,0.0,0.0,0.0,0.0,0.0,0.0,0.0,0.0,0.0,0.0,0.0,0.0,0.0,0.0,0.0,0.0,0.0,2.0,0.0,0.0,1.0,0.0,0.0,0.0,0.0,0.0,0.0,0.0
吐鲁番市,Xinjiang Uygur Autonomous Region,Turpan,新疆维吾尔自治区,,,0.0,0.0,0.0,0.0,0.0,0.0,0.0,0.0,0.0,0.0,0.0,0.0,0.0,0.0,0.0,0.0,0.0,0.0,0.0,1.0,0.0,0.0,0.0,0.0,0.0,0.0,0.0,0.0,0.0,0.0,0.0,0.0,0.0,0.0,0.0,0.0,0.0,0.0
巴州,Xinjiang Uygur Autonomous Region,Bayingolin Mongol Autonomous Prefecture,新疆维吾尔自治区,,,0.0,0.0,0.0,0.0,0.0,0.0,0.0,0.0,0.0,0.0,0.0,0.0,0.0,0.0,0.0,0.0,0.0,0.0,0.0,0.0,0.0,0.0,0.0,0.0,0.0,0.0,0.0,0.0,0.0,2.0,0.0,0.0,0.0,0.0,1.0,0.0,0.0,0.0
兵团第四师,Xinjiang Uygur Autonomous Region,4th Division of Xinjiang Production and Construction Corps,新疆维吾尔自治区,,,0.0,0.0,0.0,0.0,0.0,0.0,0.0,0.0,0.0,0.0,0.0,0.0,0.0,0.0,0.0,0.0,0.0,0.0,0.0,0.0,0.0,0.0,0.0,0.0,0.0,0.0,0.0,0.0,0.0,0.0,0.0,0.0,0.0,0.0,1.0,3.0,2.0,3.0
兵团第六师五家渠市,Xinjiang Uygur Autonomous Region,Wujiaqu,新疆维吾尔自治区,,,0.0,0.0,0.0,0.0,0.0,0.0,0.0,0.0,0.0,0.0,0.0,0.0,0.0,0.0,0.0,0.0,0.0,0.0,0.0,0.0,0.0,0.0,0.0,0.0,0.0,0.0,0.0,0.0,0.0,0.0,0.0,0.0,0.0,0.0,0.0,1.0,1.0,0.0
兵团第八师石河子市,Xinjiang Uygur Autonomous Region,Shihezi,新疆维吾尔自治区,,,0.0,0.0,0.0,0.0,0.0,0.0,0.0,0.0,0.0,0.0,0.0,0.0,0.0,0.0,0.0,0.0,0.0,0.0,0.0,0.0,0.0,0.0,0.0,1.0,0.0,0.0,0.0,0.0,0.0,0.0,0.0,0.0,0.0,0.0,0.0,0.0,1.0,0.0
兵团第九师,Xinjiang Uygur Autonomous Region,9th Division of Xinjiang Production and Construction Corps,新疆维吾尔自治区,,,0.0,0.0,0.0,0.0,0.0,0.0,0.0,0.0,0.0,0.0,0.0,0.0,0.0,0.0,0.0,0.0,0.0,0.0,0.0,0.0,0.0,0.0,0.0,0.0,0.0,0.0,0.0,0.0,0.0,0.0,0.0,0.0,1.0,0.0,0.0,0.0,1.0,0.0
兵团第十二师,Xinjiang Uygur Autonomous Region,12th Division of Xinjiang Production and Construction Corps,新疆维吾尔自治区,,,0.0,0.0,0.0,0.0,0.0,0.0,0.0,0.0,0.0,0.0,0.0,0.0,0.0,0.0,0.0,0.0,0.0,0.0,0.0,0.0,0.0,0.0,0.0,0.0,0.0,0.0,0.0,0.0,0.0,0.0,0.0,0.0,1.0,0.0,0.0,2.0,0.0,0.0
兵团第七师,Xinjiang Uygur Autonomous Region,7th Division of Xinjiang Production and Construction Corps,新疆维吾尔自治区,,,0.0,0.0,0.0,0.0,0.0,0.0,0.0,0.0,0.0,0.0,0.0,0.0,0.0,0.0,0.0,0.0,0.0,0.0,0.0,0.0,0.0,1.0,0.0,0.0,0.0,0.0,0.0,0.0,0.0,0.0,0.0,0.0,0.0,0.0,0.0,0.0,0.0,0.0
阿克苏地区,Xinjiang Uygur Autonomous Region,Aksu Prefecture,新疆维吾尔自治区,,,0.0,0.0,0.0,0.0,0.0,0.0,0.0,0.0,0.0,0.0,0.0,0.0,0.0,0.0,0.0,0.0,0.0,0.0,0.0,0.0,0.0,1.0,0.0,0.0,0.0,0.0,0.0,0.0,0.0,0.0,0.0,0.0,0.0,0.0,0.0,0.0,0.0,0.0
,Hong Kong,,香港,,,0.0,0.0,0.0,0.0,0.0,0.0,0.0,0.0,0.0,0.0,0.0,0.0,0.0,0.0,0.0,0.0,0.0,0.0,0.0,0.0,1.0,0.0,0.0,0.0,1.0,0.0,2.0,1.0,0.0,1.0,5.0,3.0,4.0,0.0,6.0,2.0,4.0,3.0
,Macao,,澳门,,,,,,,,0.0,0.0,0.0,0.0,0.0,0.0,0.0,0.0,0.0,1.0,0.0,0.0,0.0,0.0,0.0,1.0,1.0,0.0,0.0,2.0,0.0,0.0,1.0,0.0,0.0,0.0,0.0,0.0,1.0,0.0,1.0,0.0,0.0
Taipei,Taiwan,臺北市,台灣省,,,,,,,,,,,,,,,,,,,,,,,,,,,,,,,,,,,,,,,,
New Taipei,Taiwan,新北市,台灣省,,,,,,,,,,,,,,,,,,,,,,,,,,,,,,,,,,,,,,,,
Taoyuan,Taiwan,桃園市,台灣省,,,,,,,,,,,,,,,,,,,,,,,,,,,,,,,,,,,,,,,,
Taichung,Taiwan,臺中市,台灣省,,,,,,,,,,,,,,,,,,,,,,,,,,,,,,,,,,,,,,,,
Tainan,Taiwan,臺南市,台灣省,,,,,,,,,,,,,,,,,,,,,,,,,,,,,,,,,,,,,,,,
Kaohsiung,Taiwan,高雄市,台灣省,,,,,,,,,,,,,,,,,,,,,,,,,,,,,,,,,,,,,,,,
Keelung,Taiwan,基隆市,台灣省,,,,,,,,,,,,,,,,,,,,,,,,,,,,,,,,,,,,,,,,
Hsinchu,Taiwan,新竹市,台灣省,,,,,,,,,,,,,,,,,,,,,,,,,,,,,,,,,,,,,,,,
Chiayi,Taiwan,嘉義市,台灣省,,,,,,,,,,,,,,,,,,,,,,,,,,,,,,,,,,,,,,,,
Hsinchu County,Taiwan,新竹縣,台灣省,,,,,,,,,,,,,,,,,,,,,,,,,,,,,,,,,,,,,,,,
Miaoli,Taiwan,苗栗縣,台灣省,,,,,,,,,,,,,,,,,,,,,,,,,,,,,,,,,,,,,,,,
Chunghua,Taiwan,彰化縣,台灣省,,,,,,,,,,,,,,,,,,,,,,,,,,,,,,,,,,,,,,,,
Nantou,Taiwan,南投縣,台灣省,,,,,,,,,,,,,,,,,,,,,,,,,,,,,,,,,,,,,,,,
Yunlin ,Taiwan,雲林縣,台灣省,,,,,,,,,,,,,,,,,,,,,,,,,,,,,,,,,,,,,,,,
Chiayi County,Taiwan,嘉義縣,台灣省,,,,,,,,,,,,,,,,,,,,,,,,,,,,,,,,,,,,,,,,
Pingtung,Taiwan,屏東縣,台灣省,,,,,,,,,,,,,,,,,,,,,,,,,,,,,,,,,,,,,,,,
Yilan,Taiwan,宜蘭縣,台灣省,,,,,,,,,,,,,,,,,,,,,,,,,,,,,,,,,,,,,,,,
Taitung ,Taiwan,臺東縣,台灣省,,,,,,,,,,,,,,,,,,,,,,,,,,,,,,,,,,,,,,,,
Penghu,Taiwan,澎湖縣,台灣省,,,,,,,,,,,,,,,,,,,,,,,,,,,,,,,,,,,,,,,,
Hualien,Taiwan,花蓮縣,台灣省,,,,,,,,,,,,,,,,,,,,,,,,,,,,,,,,,,,,,,,,
