Prefectural level or Country level,Provincial-level regions,地级行政区或县级行政区,省级行政区,2020-01-20 00:00:00,2020-01-21 00:00:00,2020-01-22 00:00:00,2020-01-23 00:00:00,2020-01-24 00:00:00,2020-01-25 00:00:00,2020-01-26 00:00:00,2020-01-27 00:00:00,2020-01-28 00:00:00,2020-01-29 00:00:00,2020-01-30 00:00:00,2020-01-31 00:00:00,2020-02-01 00:00:00,2020-02-02 00:00:00,2020-02-03 00:00:00,2020-02-04 00:00:00,2020-02-05 00:00:00,2020-02-06 00:00:00,2020-02-07 00:00:00,2020-02-08 00:00:00,2020-02-09 00:00:00,2020-02-10 00:00:00,2020-02-11 00:00:00,2020-02-12 00:00:00,2020-02-13 00:00:00,2020-02-14 00:00:00,2020-02-15 00:00:00,2020-02-16 00:00:00,2020-02-17 00:00:00,2020-02-18 00:00:00,2020-02-19 00:00:00,2020-02-20 00:00:00,2020-02-21 00:00:00,2020-02-22 00:00:00,2020-02-23 00:00:00,2020-02-24 00:00:00,2020-02-25 00:00:00,2020-02-26 00:00:00,2020-02-27 00:00:00,2020-02-28 00:00:00,2020-02-29 00:00:00
Beijing Municipality,Beijing Municipality,北京市,北京市,3.0,5.0,4.0,12.0,10.0,15.0,17.0,12.0,22.0,9,21,24,27,32,16,25,21,23,18,11,11,5,10,14,6,3,5,1,6,6,2,1,3,0,0,1,0,10.0,0.0,,
Tianjin Municipality,Tianjin Municipality,天津市,天津市,,2.0,2.0,1.0,3.0,2.0,4.0,9.0,1.0,3,4,1,9,7,12,4,2,10,2,7,3,4,11,6,7,1,2,2,1,3,2,1,2,2,0,0,0,0.0,1.0,,
Tangshan,Hebei,唐山市,河北省,,,0.0,0.0,0.0,0.0,0.0,1.0,2.0,0,4,1,3,0,0,1,5,2,4,4,1,3,2,2,8,3,5,0,0,4,1,1,0,1,0,0,0,0.0,,,
Cangzhou,Hebei,沧州市,河北省,,,1.0,0.0,1.0,0.0,0.0,3.0,3.0,4,6,1,0,0,1,0,1,2,5,0,0,4,5,5,3,1,1,0,1,0,0,0,0,0,0,0,0,0.0,,,
Zhangjiakou,Hebei,张家口市,河北省,,,0.0,0.0,0.0,0.0,0.0,0.0,1.0,5,0,2,1,0,0,1,2,1,1,0,3,4,0,4,6,2,1,0,0,0,0,0,0,0,0,0,1,5.0,,,
Baoding,Hebei,保定市,河北省,,,0.0,0.0,1.0,2.0,0.0,0.0,3.0,1,4,0,2,0,0,4,0,1,0,3,5,4,1,0,0,1,0,0,0,0,0,0,0,0,0,0,0,0.0,,,
Handan,Hebei,邯郸市,河北省,,,0.0,0.0,0.0,2.0,0.0,2.0,0.0,2,1,3,1,0,3,0,4,4,4,1,0,0,2,2,0,0,0,0,0,0,0,0,0,1,0,0,0,0.0,,,
Langfang,Hebei,廊坊市,河北省,,,0.0,0.0,0.0,0.0,2.0,4.0,3.0,0,0,2,0,1,0,1,1,1,5,2,2,2,2,1,0,0,1,0,0,0,0,0,0,0,0,0,0,0.0,,,
Shijiazhuang,Hebei,石家庄市,河北省,,,1.0,0.0,3.0,1.0,2.0,2.0,1.0,1,0,1,1,3,5,0,3,0,0,0,1,2,0,0,0,0,1,0,0,0,0,0,1,0,0,0,0,0.0,,,
Xingtai,Hebei,邢台市,河北省,,,0.0,0.0,0.0,0.0,1.0,1.0,1.0,2,2,3,0,4,2,0,3,0,2,0,0,0,0,0,1,0,0,1,0,0,0,0,0,0,0,0,0,0.0,,,
Qinhuangdao,Hebei,秦皇岛市,河北省,,,0.0,0.0,0.0,0.0,0.0,0.0,0.0,0,0,1,0,1,0,1,0,2,2,0,0,2,0,0,0,1,0,0,0,0,0,0,0,0,0,0,0,0.0,,,
Hengshui,Hebei,衡水市,河北省,,,0.0,0.0,0.0,0.0,0.0,2.0,1.0,1,0,0,0,0,1,0,2,0,0,1,0,0,0,0,0,0,0,0,0,0,0,0,0,0,0,0,0,0.0,,,
Chengde,Hebei,承德市,河北省,,,0.0,0.0,1.0,0.0,0.0,0.0,0.0,1,0,0,0,0,1,1,1,1,1,0,0,0,0,0,0,0,0,0,0,0,0,0,0,0,0,0,0,0.0,,,
Taiyuan,Shanxi,太原市,山西省,,,1.0,0.0,1.0,0.0,0.0,1.0,0.0,0,1,0,2,0,0,3,0,2,1,3,2,1,0,0,0,1,0,0,0,0,0,1,0,0,0,0,0,0.0,,,
Datong,Shanxi,大同市,山西省,,,0.0,0.0,1.0,0.0,0.0,0.0,2.0,1,1,1,2,1,0,0,0,0,1,1,0,0,0,1,0,0,0,0,0,0,0,0,0,0,0,0,0,0.0,,,
Yangquan,Shanxi,阳泉市,山西省,,,0.0,0.0,0.0,1.0,0.0,0.0,0.0,0,0,0,0,1,0,0,1,1,0,0,0,0,0,0,0,0,0,0,0,0,0,0,0,0,0,0,0,0.0,,,
Changzhi,Shanxi,长治市,山西省,,,0.0,0.0,1.0,0.0,0.0,0.0,0.0,2,0,0,0,0,0,0,2,0,0,2,0,0,1,0,0,0,0,0,0,0,0,0,0,0,0,0,0,0.0,,,
Jincheng,Shanxi,晋城市,山西省,,,0.0,0.0,0.0,0.0,0.0,0.0,0.0,0,0,2,1,3,1,0,0,1,0,0,0,0,0,0,0,0,1,0,0,1,0,0,0,0,0,0,0,0.0,,,
Shuozhou,Shanxi,朔州市,山西省,,,0.0,0.0,0.0,0.0,2.0,0.0,0.0,1,0,0,0,0,0,1,0,0,0,2,1,0,0,0,0,0,0,0,1,0,0,0,0,0,0,0,0,0.0,,,
Jinzhong,Shanxi,晋中市,山西省,,,0.0,0.0,0.0,2.0,0.0,3.0,4.0,0,0,2,2,2,4,2,5,1,3,3,0,1,1,1,0,0,0,1,0,0,0,0,0,0,0,1,0,0.0,,,
Xinzhou,Shanxi,忻州市,山西省,,,0.0,0.0,0.0,0.0,0.0,0.0,0.0,0,0,1,2,0,0,0,0,0,3,0,1,0,0,0,0,0,0,0,0,0,0,0,0,0,0,0,0,0.0,,,
Yuncheng,Shanxi,运城市,山西省,,,0.0,0.0,2.0,0.0,0.0,1.0,1.0,3,1,2,0,3,3,1,0,0,0,1,0,1,0,0,0,0,0,0,0,0,0,0,0,0,0,0,0,0.0,,,
Linfen,Shanxi,临汾市,山西省,,,0.0,0.0,0.0,0.0,1.0,0.0,0.0,0,0,0,0,0,0,0,0,1,0,0,0,0,0,0,0,0,0,0,0,0,0,0,0,0,0,0,0,0.0,,,
Lüliang,Shanxi,吕梁市,山西省,,,0.0,0.0,0.0,0.0,1.0,2.0,0.0,1,1,0,0,0,0,0,1,0,0,0,0,0,0,0,0,0,0,0,0,0,0,0,0,0,0,0,0,0.0,,,
Xilingol League,Inner Mongolia Autonomous Region,锡林郭勒盟,内蒙古自治区,,,,0.0,1.0,1.0,0.0,0.0,0.0,0,0,0,0,0,0,0,0,0,0,0,0,0,0,1,2,1,0,2,0,1,0,0,0,0,0,0,0,0.0,,,
Baotou,Inner Mongolia Autonomous Region,包头市,内蒙古自治区,,,,0.0,0.0,0.0,2.0,1.0,0.0,0,0,0,2,1,0,1,2,0,1,0,1,0,0,0,0,0,0,0,0,0,0,0,0,0,0,0,0,0.0,,,
Hohhot,Inner Mongolia Autonomous Region,呼和浩特市,内蒙古自治区,,,,0.0,0.0,0.0,0.0,0.0,2.0,0,0,0,0,2,0,1,0,2,0,0,0,0,0,0,0,0,0,0,0,0,0,0,0,0,0,0,0,0.0,,,
Tongliao,Inner Mongolia Autonomous Region,通辽市,内蒙古自治区,,,,0.0,0.0,0.0,1.0,0.0,0.0,0,0,0,0,0,0,0,0,1,1,0,3,0,0,0,0,0,0,0,1,0,0,0,0,0,0,0,0,0.0,,,
Chifeng,Inner Mongolia Autonomous Region,赤峰市,内蒙古自治区,,,,0.0,0.0,1.0,0.0,1.0,0.0,0,0,0,0,0,0,1,0,1,0,0,0,0,1,0,2,0,2,0,0,0,0,0,0,0,0,0,0,0.0,,,
Hulunbuir,Inner Mongolia Autonomous Region,呼伦贝尔市,内蒙古自治区,,,,1.0,0.0,1.0,0.0,0.0,0.0,0,0,0,0,0,1,0,2,0,0,0,0,0,1,0,0,0,0,0,0,1,0,0,0,0,0,0,0,0.0,,,
Bayannur,Inner Mongolia Autonomous Region,巴彦淖尔市,内蒙古自治区,,,,0.0,0.0,0.0,0.0,0.0,1.0,1,0,1,0,0,0,1,0,0,0,2,0,0,0,0,0,2,0,0,0,0,0,0,0,0,0,0,0,0.0,,,
Ordos,Inner Mongolia Autonomous Region,鄂尔多斯市,内蒙古自治区,,,,0.0,0.0,2.0,0.0,0.0,0.0,1,0,2,1,3,0,2,0,0,0,0,0,0,0,0,0,0,0,0,0,0,0,0,0,0,0,0,0,0.0,,,
Wuhai,Inner Mongolia Autonomous Region,乌海市,内蒙古自治区,,,,0.0,0.0,0.0,0.0,0.0,0.0,0,0,0,1,0,0,1,0,0,0,0,0,0,0,0,0,0,0,0,0,0,0,0,0,0,0,0,0,0.0,,,
Ulanqab,Inner Mongolia Autonomous Region,乌兰察布市,内蒙古自治区,,,,0.0,0.0,0.0,0.0,0.0,0.0,0,2,0,0,1,0,0,0,0,0,0,0,0,0,0,0,0,0,0,0,0,0,0,0,0,0,0,0,0.0,,,
Hinggan League,Inner Mongolia Autonomous Region,兴安盟,内蒙古自治区,,,,0.0,0.0,0.0,1.0,0.0,0.0,0,0,0,0,0,0,0,0,0,0,0,0,0,0,0,0,0,0,0,0,0,0,0,0,0,0,0,0,0.0,,,
Alxa League,Inner Mongolia Autonomous Region,阿拉善盟,内蒙古自治区,,,,0.0,0.0,0.0,0.0,0.0,0.0,0,0,0,0,0,0,0,0,0,0,0,0,0,0,0,0,0,0,0,0,0,0,0,0,0,0,0,0,0.0,,,
Shenyang,Liaoning,沈阳市,辽宁省,,,1.0,1.0,1.0,2.0,1.0,1.0,1.0,1,1,2,0,1,2,3,5,0,2,1,0,0,2,0,0,0,0,0,0,0,0,0,0,0,0,0,0,0.0,,,
Dalian,Liaoning,大连市,辽宁省,,,1.0,0.0,1.0,2.0,0.0,1.0,0.0,0,2,1,2,2,0,1,1,0,0,2,0,0,0,0,1,1,0,1,0,0,0,0,0,0,0,0,0,0.0,,,
Anshan,Liaoning,鞍山市,辽宁省,,,0.0,0.0,0.0,0.0,0.0,0.0,0.0,0,0,1,0,0,0,0,0,2,0,0,0,0,0,0,0,1,0,0,0,0,0,0,0,0,0,0,0,0.0,,,
Benxi,Liaoning,本溪市,辽宁省,,,0.0,0.0,1.0,0.0,1.0,0.0,0.0,0,1,0,0,0,0,0,0,0,0,0,0,0,0,0,0,0,0,0,0,0,0,0,0,0,0,0,0,0.0,,,
Dandong,Liaoning,丹东市,辽宁省,,,0.0,0.0,0.0,0.0,1.0,3.0,1.0,0,0,0,1,0,0,0,1,0,0,0,0,0,0,0,0,0,0,0,0,0,0,0,0,0,0,0,0,0.0,,,
Jinzhou,Liaoning,锦州市,辽宁省,,,0.0,0.0,0.0,0.0,0.0,0.0,4.0,0,0,3,0,0,0,0,0,0,1,2,1,0,1,0,0,0,0,0,0,0,0,0,0,0,0,0,0,0.0,,,
Yingkou,Liaoning,营口市,辽宁省,,,0.0,0.0,0.0,1.0,0.0,0.0,0.0,0,0,0,0,0,0,0,0,0,0,0,0,0,0,0,0,0,0,0,0,0,0,0,0,0,0,0,0,0.0,,,
Fuxin,Liaoning,阜新市,辽宁省,,,0.0,0.0,0.0,0.0,0.0,0.0,0.0,0,0,1,1,1,2,2,0,0,0,0,0,1,0,0,0,0,0,0,0,0,0,0,0,0,0,0,0,0.0,,,
Liaoyang,Liaoning,辽阳市,辽宁省,,,0.0,0.0,0.0,0.0,0.0,0.0,1.0,0,0,0,0,1,0,0,0,0,0,1,0,0,0,0,0,0,0,0,0,0,0,0,0,0,0,0,0,0.0,,,
Tieling,Liaoning,铁岭市,辽宁省,,,0.0,0.0,2.0,0.0,0.0,0.0,0.0,0,0,1,0,0,0,0,0,0,0,0,1,0,3,0,0,0,0,0,0,0,0,0,0,0,0,0,0,0.0,,,
Chaoyang,Liaoning,朝阳市,辽宁省,,,0.0,1.0,1.0,0.0,0.0,0.0,1.0,1,1,1,0,0,0,0,0,0,0,0,0,0,0,0,0,0,0,0,0,0,0,0,0,0,0,0,0,0.0,,,
Panjin,Liaoning,盘锦市,辽宁省,,,0.0,0.0,0.0,0.0,2.0,0.0,0.0,0,1,4,0,1,0,0,0,3,0,0,0,0,0,0,0,0,0,0,0,0,0,0,0,0,0,0,0,0.0,,,
Huludao,Liaoning,葫芦岛市,辽宁省,,,0.0,0.0,2.0,2.0,0.0,0.0,1.0,1,0,1,0,0,0,1,1,0,2,0,0,0,2,0,0,0,1,0,0,0,0,0,0,0,0,0,0,0.0,,,
Fushun,Liaoning,抚顺市,辽宁省,,,0.0,0.0,0.0,0.0,0.0,0.0,0.0,0,0,0,0,0,0,0,0,0,0,0,0,0,0,0,0,0,0,0,0,0,0,0,0,0,0,0,0,0.0,,,
Changchun,Jilin,长春市,吉林省,,,1.0,0.0,0.0,0.0,0.0,0.0,0.0,3,0,3,6,4,1,10,1,3,0,5,2,1,2,0,1,1,1,0,0,0,0,0,0,0,0,0,0,0.0,,,
Siping,Jilin,四平市,吉林省,,,0.0,0.0,0.0,0.0,1.0,0.0,0.0,0,0,0,0,3,3,1,1,1,0,2,0,0,0,1,1,0,0,0,0,1,0,0,0,0,0,0,0,0.0,,,
Jilin,Jilin,吉林市,吉林省,,,0.0,1.0,1.0,0.0,0.0,1.0,0.0,0,0,0,0,1,1,0,0,0,0,0,0,0,0,0,0,0,0,0,0,0,0,0,0,0,0,0,0,0.0,,,
Yanbian Korean Autonomous Prefecture,Jilin,延边朝鲜族自治州,吉林省,,,0.0,0.0,0.0,0.0,0.0,0.0,0.0,2,0,0,0,0,1,0,1,1,0,0,0,0,0,0,0,0,0,0,0,0,0,0,0,0,0,0,0,0.0,,,
Gongzhuling,Jilin,公主岭,吉林省,,,0.0,0.0,0.0,0.0,0.0,1.0,0.0,0,0,0,0,0,2,1,0,0,2,0,0,0,0,0,0,0,0,0,0,0,0,0,0,0,0,0,0,0.0,,,
Songyuan,Jilin,松原市,吉林省,,,0.0,1.0,0.0,0.0,1.0,0.0,0.0,0,0,0,0,0,0,0,0,0,0,0,0,0,0,0,0,0,0,0,0,0,0,0,0,0,0,0,0,0.0,,,
Tonghua,Jilin,通化市,吉林省,,,0.0,0.0,0.0,0.0,0.0,0.0,1.0,0,0,0,0,0,0,0,0,1,0,1,0,0,0,0,0,0,0,0,0,0,1,0,0,0,2,0,0,0.0,,,
Liaoyuan,Jilin,辽源市,吉林省,,,0.0,0.0,0.0,0.0,0.0,0.0,0.0,0,0,0,0,0,3,0,2,0,1,0,0,0,0,0,0,1,1,0,0,0,0,0,0,0,0,0,0,0.0,,,
Meihekou,Jilin,梅河口,吉林省,,,0.0,0.0,0.0,0.0,0.0,0.0,0.0,0,0,0,0,0,0,0,0,0,0,1,0,0,0,0,0,0,0,0,0,0,0,0,0,0,0,0,0,0.0,,,
Baicheng,Jilin,白城市,吉林省,,,0.0,0.0,0.0,0.0,0.0,0.0,0.0,0,0,0,0,0,0,0,0,0,1,0,0,0,0,0,0,0,0,0,0,0,0,0,0,0,0,0,0,0.0,,,
Baishan,Jilin,白山市,吉林省,,,0.0,0.0,0.0,0.0,0.0,0.0,0.0,0,0,0,0,0,0,0,0,0,0,0,0,0,0,0,0,0,0,0,0,0,0,0,0,0,0,0,0,0.0,,,
Harbin,Heilongjiang,哈尔 滨市,黑龙江省,,,1.0,0.0,5.0,2.0,0.0,2.0,1.0,2,5,7,9,11,18,10,9,12,6,14,14,18,4,9,5,3,15,6,2,2,2,3,0,1,0,0,0,0.0,,,
Shuangyashan,Heilongjiang,双鸭山市,黑龙江省,,,0.0,0.0,0.0,0.0,1.0,0.0,0.0,0,0,1,2,3,5,4,4,16,0,2,0,0,1,0,9,0,1,1,2,0,0,0,0,0,0,0,0,0.0,,,
Suihua,Heilongjiang,绥化市,黑龙江省,,,0.0,1.0,0.0,1.0,1.0,5.0,0.0,2,2,1,1,2,6,2,5,10,5,-9,2,2,4,2,0,1,0,0,0,1,0,0,0,0,0,0,0,0.0,,,
Jixi,Heilongjiang,鸡西市,黑龙江省,,,0.0,0.0,0.0,0.0,0.0,0.0,1.0,0,1,2,0,2,3,3,9,8,2,3,0,4,5,1,0,1,1,0,0,0,0,0,0,0,0,0,0,0.0,,,
Qiqihar,Heilongjiang,齐齐哈尔市,黑龙江省,,,0.0,0.0,0.0,1.0,0.0,1.0,1.0,0,0,0,0,0,3,14,6,1,0,0,3,2,1,0,3,0,2,4,1,0,0,0,0,0,0,0,0,0.0,,,
Daqing,Heilongjiang,大庆市,黑龙江省,,,0.0,1.0,0.0,2.0,2.0,0.0,0.0,0,2,1,0,3,0,0,2,0,0,0,0,1,1,0,3,1,0,1,0,3,3,0,0,0,0,0,0,0.0,,,
Qitaihe,Heilongjiang,七台河市,黑龙江省,,,0.0,0.0,0.0,0.0,1.0,1.0,0.0,0,1,2,1,1,1,1,0,1,1,2,1,1,0,1,0,0,0,0,1,0,0,0,0,0,0,0,0,0.0,,,
Jiamusi,Heilongjiang,佳木斯市,黑龙江省,,,0.0,0.0,0.0,0.0,1.0,0.0,4.0,0,3,3,0,0,0,0,1,1,0,0,1,1,0,0,0,0,0,0,0,0,0,0,0,0,0,0,0,0.0,,,
Heihe,Heilongjiang,黑河市,黑龙江省,,,0.0,0.0,0.0,0.0,0.0,0.0,0.0,0,0,0,1,0,0,0,0,0,1,0,2,0,2,4,3,0,1,0,0,0,0,0,0,0,0,0,0,0.0,,,
Mudanjiang,Heilongjiang,牡丹江市,黑龙江省,,,1.0,0.0,0.0,0.0,0.0,0.0,0.0,0,1,4,1,1,0,1,1,1,2,-1,0,0,0,0,0,0,0,0,1,0,1,0,0,0,0,0,0,0.0,,,
Hegang,Heilongjiang,鹤岗市,黑龙江省,,,0.0,0.0,0.0,0.0,0.0,0.0,0.0,1,0,0,0,0,1,0,0,0,1,1,1,0,0,0,0,0,0,0,0,0,0,0,0,0,0,0,0,0.0,,,
Daxinganling Prefecture,Heilongjiang,大兴安岭地区,黑龙江省,,,0.0,0.0,0.0,0.0,0.0,0.0,0.0,1,1,0,0,0,0,0,0,0,0,0,0,0,0,0,0,0,0,0,0,0,0,0,0,0,0,0,0,0.0,,,
Yichun,Heilongjiang,伊春市,黑龙江省,,,0.0,0.0,0.0,0.0,0.0,0.0,0.0,0,0,0,0,0,0,0,0,0,0,0,0,0,0,0,0,1,0,0,0,0,0,0,0,0,0,0,0,0.0,,,
Shanghai Municipality,Shanghai Municipality,上海市,上海市,1.0,8.0,7.0,4.0,13.0,7.0,13.0,13.0,14.0,21,27,25,24,16,15,25,21,15,12,11,3,7,4,7,5,8,2,3,2,0,0,1,0,1,0,0,1,1.0,,,
Nanjing,Jiangsu,南京市,江苏省,,,0.0,3.0,1.0,3.0,0.0,3.0,4.0,5,6,3,7,5,4,3,5,5,8,6,7,6,3,3,1,0,1,0,0,1,0,0,0,0,0,0,0,0.0,,,
Wuxi,Jiangsu,无锡市,江苏省,,,0.0,1.0,0.0,1.0,2.0,2.0,3.0,1,2,1,6,4,2,1,2,3,3,4,3,4,3,1,2,1,1,2,0,0,0,0,0,0,0,0,0,0.0,,,
Xuzhou,Jiangsu,徐州市,江苏省,,,0.0,0.0,0.0,0.0,3.0,5.0,0.0,7,5,3,7,6,3,6,0,4,3,4,4,3,3,5,5,1,1,1,0,0,0,0,0,0,0,0,0,0.0,,,
Changzhou,Jiangsu,常州市,江苏省,,,0.0,0.0,5.0,0.0,1.0,2.0,0.0,2,3,1,1,0,4,5,3,2,2,0,0,0,5,2,5,0,3,3,1,1,0,0,0,0,0,0,0,0.0,,,
Suzhou,Jiangsu,苏州市,江苏省,,,1.0,1.0,1.0,4.0,1.0,4.0,8.0,4,8,2,4,6,8,3,5,9,3,3,2,3,4,1,0,1,0,0,1,0,0,0,0,0,0,0,0,0.0,,,
Nantong,Jiangsu,南通市,江苏省,,,0.0,1.0,0.0,1.0,2.0,2.0,0.0,3,1,2,5,2,3,3,2,2,2,1,1,2,2,1,1,1,0,0,0,0,0,0,0,0,0,0,0,0.0,,,
Lianyungang,Jiangsu,连云港市,江苏省,,,0.0,1.0,0.0,2.0,0.0,0.0,0.0,3,3,4,0,1,3,3,2,2,3,5,3,2,2,3,3,1,2,0,0,0,0,0,0,0,0,0,0,0.0,,,
Huai'an,Jiangsu,淮安市,江苏省,,,0.0,0.0,0.0,1.0,1.0,0.0,1.0,4,3,2,1,5,4,4,8,3,3,4,2,0,1,4,5,4,3,2,1,0,0,0,0,0,0,0,0,0.0,,,
Yancheng,Jiangsu,盐城市,江苏省,,,0.0,0.0,1.0,0.0,0.0,0.0,5.0,0,2,5,2,0,0,0,1,0,1,0,1,0,3,4,1,1,0,0,0,0,0,0,0,0,0,0,0,0.0,,,
Yangzhou,Jiangsu,扬州市,江苏省,,,0.0,1.0,0.0,0.0,3.0,1.0,3.0,0,0,5,0,1,1,0,0,2,0,1,0,0,0,2,0,1,1,1,0,0,0,0,0,0,0,0,0,0.0,,,
Zhenjiang,Jiangsu,镇江市,江苏省,,,0.0,0.0,0.0,0.0,2.0,0.0,0.0,0,0,0,1,0,2,1,2,1,2,1,0,0,0,0,0,0,0,0,0,0,0,0,0,0,0,0,0,0.0,,,
Taizhou,Jiangsu,泰州市,江苏省,,,0.0,0.0,0.0,1.0,1.0,2.0,4.0,1,3,5,0,4,2,3,2,1,1,0,1,3,2,1,0,0,0,0,0,0,0,0,0,0,0,0,0,0.0,,,
Suqian,Jiangsu,宿迁市,江苏省,,,0.0,0.0,1.0,0.0,0.0,2.0,1.0,0,3,1,0,1,1,1,0,1,0,0,0,0,0,0,0,0,1,0,0,0,0,0,0,0,0,0,0,0.0,,,
Hangzhou,Zhejiang,杭州市,浙江省,,1.0,5.0,0.0,6.0,15.0,0.0,5.0,19.0,18,16,13,12,8,14,9,10,5,6,3,2,2,2,3,3,1,0,2,0,0,1,0,0,0,0,0,0,0.0,,,
Ningbo,Zhejiang,宁波市,浙江省,,3.0,2.0,0.0,1.0,7.0,0.0,4.0,3.0,21,5,9,11,9,27,18,6,10,5,5,3,2,2,0,0,1,1,1,0,0,0,1,0,0,0,0,0,0.0,,,
Wenzhou,Zhejiang,温州市,浙江省,,4.0,2.0,0.0,4.0,8.0,14.0,28.0,54.0,58,55,14,24,26,49,24,32,25,17,10,16,10,7,9,6,3,3,1,1,0,0,0,0,0,0,0,0,0.0,,,
Huzhou,Zhejiang,湖州市,浙江省,,0.0,0.0,0.0,0.0,1.0,2.0,0.0,2.0,0,1,0,0,3,0,0,0,0,1,0,0,0,0,0,0,0,0,0,0,0,0,0,0,0,0,0,0,0.0,,,
Jiaxing,Zhejiang,嘉兴市,浙江省,,0.0,0.0,3.0,1.0,4.0,0.0,3.0,3.0,2,0,2,1,0,4,4,3,5,2,1,2,0,2,0,0,1,0,0,0,1,1,0,0,0,0,0,0,0.0,,,
Shaoxing,Zhejiang,绍兴市,浙江省,,0.0,1.0,0.0,3.0,1.0,1.0,1.0,12.0,0,4,1,3,3,0,0,3,1,2,2,3,0,0,0,1,0,0,0,0,0,0,0,0,0,0,0,0,0.0,,,
Jinhua,Zhejiang,金华市,浙江省,,0.0,1.0,0.0,1.0,1.0,2.0,2.0,6.0,7,7,7,0,2,4,4,3,1,4,1,0,0,1,1,0,0,0,0,0,0,0,0,0,0,0,0,0,0.0,,,
Quzhou,Zhejiang,衢州市,浙江省,,0.0,1.0,1.0,0.0,1.0,2.0,0.0,3.0,2,2,1,0,1,1,0,0,0,0,0,0,6,0,0,0,0,0,0,0,0,0,27,2,0,0,0,0,0.0,,,
Zhoushan,Zhejiang,舟山市,浙江省,,1.0,0.0,0.0,1.0,0.0,2.0,0.0,2.0,0,1,0,0,0,0,0,0,0,0,0,0,3,0,0,0,0,0,0,0,0,0,0,0,0,0,0,0,0.0,,,
Taizhou,Zhejiang,台州市,浙江省,,1.0,5.0,12.0,2.0,1.0,1.0,0.0,18.0,24,17,14,5,9,6,7,2,5,4,5,3,2,0,1,0,1,1,0,0,0,0,0,0,0,0,0,0,0.0,,,
Lishui,Zhejiang,丽水市,浙江省,,0.0,0.0,0.0,0.0,3.0,0.0,2.0,1.0,0,1,1,6,2,0,0,0,0,1,0,0,0,0,0,0,0,0,0,0,0,0,0,0,0,0,0,0,0.0,,,
Hefei,Anhui,合肥市,安徽省,,,1.0,5.0,4.0,3.0,0.0,3.0,13.0,10,11,9,0,16,6,12,11,11,13,8,11,3,7,4,5,2,1,2,2,0,0,1,0,0,0,0,0,0.0,,,
Anqing,Anhui,安庆市,安徽省,,,0.0,1.0,3.0,1.0,3.0,0.0,10.0,6,0,13,6,4,8,1,4,6,5,4,3,2,0,0,1,1,0,1,0,0,0,0,0,0,0,0,0,0.0,,,
Chizhou,Anhui,池州市,安徽省,,,0.0,1.0,0.0,0.0,0.0,0.0,0.0,1,2,0,2,0,4,1,0,0,0,1,3,0,1,0,1,0,0,0,0,0,0,0,0,0,0,0,0,0.0,,,
Ma'anshan,Anhui,马鞍山市,安徽省,,,0.0,0.0,4.0,3.0,0.0,3.0,1.0,3,0,8,5,1,0,2,0,0,1,0,0,1,0,0,2,1,1,0,0,1,0,0,1,0,0,0,0,0.0,,,
Fuyang,Anhui,阜阳市,安徽省,,,0.0,2.0,5.0,3.0,0.0,11.0,2.0,5,10,9,12,6,14,5,11,10,8,5,7,7,6,4,4,4,2,1,1,1,0,0,0,0,0,0,0,0.0,,,
Suzhou,Anhui,宿州市,安徽省,,,0.0,0.0,0.0,2.0,1.0,0.0,6.0,1,0,2,2,7,2,1,1,2,1,0,3,2,3,2,1,0,0,1,1,0,0,0,0,0,0,0,0,0.0,,,
Bengbu,Anhui,蚌埠市,安徽省,,,0.0,1.0,0.0,0.0,2.0,0.0,0.0,5,7,1,10,11,6,5,16,24,11,16,11,8,7,5,3,4,4,1,0,1,1,0,0,0,0,0,0,0.0,,,
Bozhou,Anhui,亳州市,安徽省,,,0.0,1.0,3.0,2.0,0.0,2.0,7.0,5,0,5,5,9,9,10,8,6,9,6,5,0,5,3,6,1,1,0,0,0,0,0,0,0,0,0,0,0.0,,,
Huaibei,Anhui,淮北市,安徽省,,,0.0,0.0,0.0,1.0,0.0,1.0,0.0,0,0,4,0,2,3,3,3,5,0,1,0,1,0,1,0,1,0,1,0,0,0,0,0,0,0,0,0,0.0,,,
Wuhu,Anhui,芜湖市,安徽省,,,0.0,0.0,1.0,2.0,3.0,3.0,2.0,3,0,1,1,0,5,2,3,1,2,0,1,1,0,0,0,0,0,0,2,0,0,0,0,0,0,0,0,0.0,,,
Tongling,Anhui,铜陵市,安徽省,,,0.0,0.0,3.0,0.0,0.0,6.0,0.0,1,4,2,0,2,1,0,1,2,1,1,1,2,0,1,0,0,0,0,1,0,0,0,0,0,0,0,0,0.0,,,
Huainan,Anhui,淮南市,安徽省,,,0.0,0.0,0.0,1.0,1.0,0.0,0.0,4,0,0,0,1,1,4,0,2,7,1,1,1,0,0,0,0,1,1,2,0,0,0,0,0,0,0,0,0.0,,,
Chuzhou,Anhui,滁州市,安徽省,,,0.0,1.0,1.0,0.0,0.0,2.0,0.0,0,0,2,0,2,3,0,0,0,0,0,1,0,0,1,0,0,0,0,0,0,0,0,0,0,0,0,0,0.0,,,
Lu'an,Anhui,六安市,安徽省,,,1.0,2.0,0.0,1.0,0.0,1.0,2.0,2,1,4,0,7,10,4,2,5,10,3,3,2,0,1,1,2,2,3,0,1,0,0,0,0,0,0,0,0.0,,,
Xuancheng,Anhui,宣城市,安徽省,,,0.0,0.0,0.0,1.0,0.0,1.0,0.0,2,0,0,0,0,0,0,1,0,0,0,1,0,0,0,0,0,0,0,0,0,0,0,0,0,0,0,0,0.0,,,
Huangshan,Anhui,黄山市,安徽省,,,0.0,0.0,0.0,1.0,0.0,3.0,3.0,0,2,0,0,0,0,0,0,0,0,0,0,0,0,0,0,0,0,0,0,0,0,0,0,0,0,0,0,0.0,,,
Fuzhou,Fujian,福州市,福建省,,,1.0,1.0,3.0,5.0,7.0,1.0,6.0,6,2,7,5,3,6,2,1,1,2,3,1,0,1,0,2,0,2,1,2,0,0,0,0,0,0,0,0,1.0,,,
Xiamen,Fujian,厦门市,福建省,,,0.0,1.0,2.0,1.0,0.0,1.0,1.0,1,6,4,1,1,1,1,0,2,2,0,3,3,1,2,0,0,0,1,0,0,0,0,0,0,0,0,0,0.0,,,
Zhangzhou,Fujian,漳州市,福建省,,,0.0,0.0,0.0,4.0,0.0,1.0,1.0,1,1,3,1,1,0,2,1,0,0,0,0,1,2,0,0,1,0,0,0,0,0,0,0,0,0,0,0,0.0,,,
Quanzhou,Fujian,泉州市,福建省,,,0.0,1.0,0.0,3.0,6.0,3.0,0.0,5,4,2,5,2,4,2,2,1,0,2,0,1,0,1,0,2,0,0,0,0,0,0,0,0,0,1,0,0.0,,,
Sanming,Fujian,三明市,福建省,,,0.0,0.0,0.0,4.0,0.0,4.0,0.0,2,0,0,1,0,0,0,0,1,0,1,0,0,0,0,0,0,0,1,0,0,0,0,0,0,0,0,0,0.0,,,
Putian,Fujian,莆田市,福建省,,,0.0,0.0,0.0,0.0,9.0,5.0,0.0,3,5,3,2,7,3,1,4,2,3,0,4,0,1,2,0,1,0,0,0,0,0,0,0,0,0,0,0,1.0,,,
Nanping,Fujian,南平市,福建省,,,0.0,0.0,0.0,0.0,2.0,1.0,0.0,0,0,5,0,3,0,1,0,0,2,2,2,1,0,1,0,0,0,0,0,0,0,0,0,0,0,0,0,0.0,,,
Longyan,Fujian,龙岩市,福建省,,,0.0,0.0,0.0,0.0,0.0,1.0,0.0,0,0,0,0,0,1,0,0,2,1,1,0,0,0,0,0,0,0,0,0,0,0,0,0,0,0,0,0,0.0,,,
Ningde,Fujian,宁德市,福建省,,,0.0,1.0,1.0,2.0,3.0,0.0,1.0,1,1,0,0,3,0,2,2,0,5,2,1,0,0,1,0,0,0,0,0,1,0,0,0,0,0,0,0,0.0,,,
Nanchang,Jiangxi,南昌市,江西省,,0.0,1.0,1.0,1.0,1.0,4.0,9.0,8.0,21,21,16,6,14,18,13,15,13,6,11,11,6,10,5,7,5,5,1,1,1,0,0,0,0,0,0,0,,,,
Xinyu,Jiangxi,新余市,江西省,,0.0,0.0,1.0,0.0,0.0,2.0,0.0,8.0,0,17,12,3,7,9,10,9,9,8,5,5,5,7,4,3,3,2,0,0,0,1,0,0,0,0,0,0,,,,
Shangrao,Jiangxi,上饶市,江西省,,0.0,0.0,0.0,2.0,4.0,0.0,1.0,2.0,2,1,4,3,13,18,19,9,8,6,6,5,7,5,3,3,1,0,0,0,0,0,0,0,0,0,0,0,,,,
Jiujiang,Jiangxi,九江市,江西省,,0.0,0.0,1.0,1.0,0.0,2.0,5.0,7.0,15,11,2,12,9,14,8,6,3,2,3,1,0,4,4,5,1,2,0,1,0,0,0,0,0,0,0,0,,,,
Yichun,Jiangxi,宜春市,江西省,,0.0,0.0,0.0,1.0,4.0,1.0,4.0,4.0,0,12,3,2,5,9,3,6,8,5,7,4,6,5,7,6,1,2,2,0,0,0,0,0,0,0,0,0,,,,
Ganzhou,Jiangxi,赣州市,江西省,,0.0,0.0,0.0,2.0,5.0,0.0,3.0,6.0,5,6,3,4,2,7,6,4,7,5,5,2,1,0,4,0,0,0,0,0,0,0,0,0,0,0,0,0,,,,
Fuzhou,Jiangxi,抚州市,江西省,,1.0,0.0,0.0,3.0,2.0,1.0,1.0,1.0,4,2,3,6,5,5,10,2,10,3,4,1,3,1,1,2,1,0,0,0,0,0,0,0,0,0,0,0,,,,
Pingxiang,Jiangxi,萍乡市,江西省,,1.0,0.0,0.0,0.0,1.0,0.0,0.0,0.0,3,3,1,6,3,2,2,1,1,0,0,1,1,3,0,2,1,0,1,0,0,0,0,0,0,0,0,0,,,,
Ji'an,Jiangxi,吉安市,江西省,,0.0,0.0,1.0,0.0,1.0,1.0,0.0,1.0,1,3,3,1,1,2,0,0,1,1,0,1,1,1,0,0,0,1,0,1,0,0,0,0,0,0,0,0,,,,
Yingtan,Jiangxi,鹰潭市,江西省,,0.0,0.0,0.0,0.0,0.0,0.0,1.0,0.0,2,1,0,4,0,0,1,0,1,1,0,1,2,4,0,0,0,0,0,0,0,0,0,0,0,0,0,0,,,,
Jingdezhen,Jiangxi,景德镇市,江西省,,0.0,0.0,0.0,1.0,0.0,1.0,0.0,0.0,0,1,0,0,0,1,0,0,0,0,1,0,0,0,0,0,0,0,1,0,0,0,0,0,0,0,0,0,,,,
Ganjiang new area,Jiangxi,赣江新区,江西省,,0.0,0.0,0.0,0.0,0.0,0.0,0.0,0.0,0,0,0,0,0,0,0,0,0,0,0,0,0,0,0,0,0,0,0,0,0,0,0,0,0,0,0,0,,,,
Jinan,Shandong,济南市,山东省,,,,,2.0,1.0,4.0,3.0,1.0,3,2,2,1,3,3,4,4,6,3,0,2,2,1,0,0,0,0,0,0,0,0,0,0,0,0,0,0,0.0,0.0,,
Qingdao,Shandong,青岛市,山东省,,,,,1.0,2.0,4.0,3.0,2.0,3,3,0,1,3,4,5,7,2,3,1,5,1,0,0,0,3,1,0,1,1,0,0,0,0,1,0,0,0.0,0.0,,
Zibo,Shandong,淄博市,山东省,,,,,0.0,1.0,1.0,0.0,2.0,2,2,2,2,0,0,2,0,1,0,1,0,3,1,3,3,2,1,0,0,0,0,0,1,0,0,0,0,0.0,0.0,,
Zaozhuang,Shandong,枣庄市,山东省,,,,,0.0,0.0,0.0,2.0,6.0,0,1,2,3,1,1,1,0,2,0,2,0,2,0,0,0,1,0,0,0,0,0,0,0,0,0,0,0,0.0,0.0,,
Yantai,Shandong,烟台市,山东省,,,,,2.0,0.0,2.0,4.0,2.0,3,5,2,0,2,4,0,3,2,3,2,3,2,2,3,0,0,0,1,0,0,0,0,0,0,0,0,0,0.0,0.0,,
Weifang,Shandong,潍坊市,山东省,,,,,1.0,1.0,1.0,0.0,2.0,2,1,1,1,3,0,3,5,6,2,5,3,1,0,0,3,1,1,1,0,0,0,0,0,0,0,0,0,0.0,0.0,,
Jining,Shandong,济宁市,山东省,,,,,2.0,2.0,1.0,0.0,0.0,3,0,2,4,4,3,2,9,3,3,1,0,2,1,1,3,3,2,1,0,0,0,201,0,4,0,0,1,0.0,0.0,,
Tai'an,Shandong,泰安市,山东省,,,,,0.0,0.0,0.0,1.0,2.0,0,0,2,4,2,1,2,4,2,0,3,3,6,0,0,0,0,0,0,0,0,1,1,1,0,0,0,0,0.0,0.0,,
Weihai,Shandong,威海市,山东省,,,,,1.0,1.0,3.0,3.0,1.0,3,5,5,0,1,0,2,1,2,2,2,1,2,1,0,0,0,0,0,0,0,0,0,0,0,0,0,0,0.0,0.0,,
Rizhao,Shandong,日照市,山东省,,,,,1.0,2.0,1.0,1.0,1.0,1,1,1,1,1,2,0,0,0,0,1,0,0,0,0,0,0,1,0,0,0,0,0,0,0,0,0,0,0.0,0.0,,
Linyi,Shandong,临沂市,山东省,,,,,1.0,4.0,0.0,1.0,7.0,1,4,3,1,0,3,3,2,3,3,2,2,2,1,0,2,0,0,0,1,0,0,0,0,0,0,0,0,0.0,0.0,,
Dezhou,Shandong,德州市,山东省,,,,,1.0,2.0,3.0,2.0,3.0,0,5,1,2,0,0,0,7,1,1,2,2,0,1,2,0,1,1,0,0,0,0,0,0,0,0,0,0,0.0,0.0,,
Liaocheng,Shandong,聊城市,山东省,,,,,1.0,0.0,0.0,2.0,0.0,2,2,0,2,0,1,2,3,5,7,6,1,3,1,0,0,0,0,0,0,0,0,0,0,0,0,0,0,0.0,0.0,,
Binzhou,Shandong,滨州市,山东省,,,,,0.0,1.0,2.0,1.0,2.0,1,2,0,1,0,1,0,0,0,0,0,0,0,1,0,2,0,0,1,0,0,0,0,0,0,0,0,0,0.0,0.0,,
Heze,Shandong,菏泽市,山东省,,,,,0.0,1.0,2.0,1.0,3.0,0,0,1,0,1,1,2,0,1,1,0,2,1,1,0,0,0,0,0,0,0,0,0,0,0,0,0,0,0.0,0.0,,
Dongying,Shandong,东营市,山东省,,,,,0.0,0.0,0.0,0.0,0.0,0,0,0,0,0,0,0,0,0,0,0,0,0,0,0,0,0,0,0,0,0,0,0,0,0,0,0,0,0.0,0.0,,
Laiwu,Shandong,莱芜市,山东省,,,,,0.0,0.0,0.0,0.0,0.0,0,0,0,0,0,0,0,0,0,0,0,0,0,0,0,0,0,0,0,0,0,0,0,0,0,0,0,0,0.0,0.0,,
Xinyang,Henan,信阳市,河南省,,0.0,0.0,1.0,5.0,16.0,1.0,6.0,3.0,10,7,21,18,11,13,26,26,12,16,13,15,8,3,9,3,9,9,1,4,2,1,1,3,1,0,0,0,,,,
Zhengzhou,Henan,郑州市,河南省,,1.0,2.0,2.0,3.0,12.0,9.0,8.0,3.0,6,4,6,9,7,13,7,10,10,8,6,4,2,5,4,1,2,4,3,3,2,1,1,0,0,0,0,0,,,,
Nanyang,Henan,南阳市,河南省,,0.0,0.0,0.0,8.0,7.0,4.0,7.0,5.0,20,10,5,10,8,15,8,4,7,10,5,1,2,2,7,1,4,1,3,1,0,0,0,0,0,0,0,0,,,,
Zhumadian,Henan,驻马店市,河南省,,0.0,0.0,0.0,2.0,5.0,2.0,1.0,6.0,9,5,10,6,12,14,10,16,8,7,3,7,3,2,6,3,1,0,0,1,0,0,0,0,0,0,0,0,,,,
Shangqiu,Henan,商丘市,河南省,,0.0,0.0,0.0,0.0,0.0,6.0,1.0,7.0,4,13,5,8,6,10,1,4,7,4,7,1,3,0,1,1,2,1,0,0,0,0,0,0,0,0,0,0,,,,
Zhoukou,Henan,周口市,河南省,,0.0,0.0,1.0,3.0,1.0,6.0,4.0,4.0,6,11,2,2,7,5,4,3,1,2,0,3,0,1,2,1,1,1,4,1,0,0,0,0,0,0,0,0,,,,
Pingdingshan,Henan,平顶山市,河南省,,0.0,0.0,0.0,1.0,1.0,3.0,0.0,0.0,3,2,1,3,5,9,6,7,5,2,2,2,2,1,1,1,1,0,0,0,0,0,0,0,0,0,0,0,,,,
Xinxiang,Henan,新乡市,河南省,,0.0,0.0,0.0,1.0,2.0,1.0,2.0,1.0,5,5,6,0,4,6,6,2,0,2,1,2,2,5,1,1,0,1,1,0,0,0,0,0,0,0,0,0,,,,
Anyang,Henan,安阳市,河南省,,0.0,0.0,0.0,0.0,3.0,4.0,4.0,3.0,3,4,4,0,4,4,2,2,3,3,1,1,1,3,1,0,1,0,0,1,0,1,0,0,0,0,0,0,,,,
Xuchang,Henan,许昌市,河南省,,0.0,0.0,0.0,0.0,0.0,1.0,1.0,0.0,1,5,4,1,2,4,5,2,2,2,1,0,1,2,0,3,0,1,0,0,1,0,0,0,0,0,0,0,,,,
Luohe,Henan,漯河市,河南省,,0.0,0.0,0.0,0.0,3.0,3.0,3.0,0.0,2,2,1,2,4,3,1,2,0,3,1,0,1,2,0,0,1,0,0,0,0,1,0,0,0,0,0,0,,,,
Jiaozuo,Henan,焦作市,河南省,,0.0,0.0,0.0,0.0,0.0,0.0,2.0,0.0,0,0,0,5,1,4,3,2,1,2,4,1,3,0,1,0,1,0,2,0,0,0,0,0,0,0,0,0,,,,
Luoyang,Henan,洛阳市,河南省,,0.0,1.0,0.0,0.0,0.0,1.0,0.0,0.0,0,1,2,2,0,5,5,4,3,1,0,2,1,1,1,0,1,0,0,0,0,0,0,0,0,0,0,0,,,,
Kaifeng,Henan,开封市,河南省,,0.0,0.0,0.0,0.0,0.0,1.0,1.0,1.0,1,2,2,3,0,1,5,1,2,1,3,0,1,0,0,0,0,1,0,0,0,0,0,0,0,0,0,0,,,,
Hebi,Henan,鹤壁市,河南省,,0.0,0.0,0.0,0.0,0.0,2.0,0.0,3.0,1,0,0,2,0,2,0,0,1,2,4,0,1,1,0,0,0,0,0,0,0,0,0,0,0,0,0,0,,,,
Puyang,Henan,濮阳市,河南省,,0.0,0.0,0.0,0.0,0.0,0.0,0.0,1.0,0,2,0,0,0,1,0,1,0,2,2,1,1,2,0,0,4,0,0,0,0,0,0,0,0,0,0,0,,,,
Sanmenxia,Henan,三门峡市,河南省,,0.0,1.0,0.0,0.0,1.0,1.0,0.0,1.0,1,1,1,0,0,0,0,0,0,0,0,0,0,0,0,0,0,0,0,0,0,0,0,0,0,0,0,0,,,,
Jiyuan,Henan,济源市,河南省,,0.0,0.0,0.0,0.0,0.0,0.0,0.0,0.0,0,0,0,0,2,0,0,1,1,0,0,0,0,0,0,0,0,0,1,0,0,0,0,0,0,0,0,0,,,,
Wuhan,Hubei,武汉市,湖北省,60.0,105.0,62.0,70.0,77.0,46.0,80.0,892.0,315.0,356,378,576,894,1033,1242,1967,1766,1501,1985,1379,1921,1552,1104,13436,3910,1923,1548,1690,1600,1660,615,319,314,541,348,464,370,,,,
Huangshi,Hubei,黄石市,湖北省,0.0,0.0,0.0,0.0,0.0,31.0,5.0,17.0,33.0,27,55,41,43,82,71,104,57,69,68,57,52,30,39,37,32,37,8,-5,2,-2,-16,7,5,4,4,3,3,,,,
Shiyan,Hubei,十堰市,湖北省,0.0,0.0,0.0,1.0,4.0,15.0,20.0,25.0,23.0,31,31,27,35,44,35,27,35,42,43,29,14,24,31,26,24,12,5,10,14,12,3,13,3,8,2,2,0,,,,
Yichang,Hubei,宜昌市,湖北省,0.0,0.0,0.0,1.0,0.0,19.0,11.0,20.0,12.0,54,50,109,77,39,60,44,67,47,23,78,45,23,12,26,67,29,-5,-6,9,3,-16,4,0,3,7,2,1,,,,
Xiangyang,Hubei,襄阳市,湖北省,0.0,0.0,0.0,0.0,0.0,2.0,34.0,34.0,61.0,32,123,61,94,107,84,103,52,51,69,81,57,44,25,13,10,17,16,11,8,2,2,3,2,0,1,1,0,,,,
Ezhou,Hubei,鄂州市,湖北省,0.0,0.0,0.0,0.0,1.0,0.0,19.0,37.0,27.0,39,66,38,51,28,26,50,41,48,98,70,89,65,71,204,69,67,38,44,65,4,-5,5,2,4,4,2,2,,,,
Jingmen,Hubei,荆门市,湖北省,0.0,0.0,1.0,7.0,13.0,17.0,52.0,24.0,28.0,50,36,24,78,16,55,22,86,45,35,75,12,15,40,231,21,6,7,6,-15,1,-107,6,2,4,2,0,2,,,,
Xiaogan,Hubei,孝感市,湖北省,0.0,0.0,0.0,22.0,4.0,29.0,45.0,73.0,101.0,125,142,87,121,169,202,342,424,255,172,123,105,101,109,123,135,105,87,78,41,24,-15,17,2,14,22,17,19,,,,
Jingzhou,Hubei,荆州市,湖北省,0.0,0.0,6.0,2.0,2.0,23.0,14.0,24.0,30.0,50,70,66,46,166,114,100,88,84,56,56,48,30,35,321,54,43,12,11,36,4,-31,7,6,8,0,2,1,,,,
Huanggang,Hubei,黄冈市,湖北省,12.0,0.0,0.0,0.0,52.0,58.0,32.0,59.0,111.0,172,77,153,276,244,176,223,162,90,144,100,115,80,66,264,163,26,6,8,-3,16,-5,17,16,5,0,0,0,,,,
Xianning,Hubei,咸宁市,湖北省,0.0,0.0,0.0,0.0,0.0,43.0,21.0,27.0,21.0,18,36,40,40,50,52,36,15,44,33,17,14,8,10,9,200,108,12,9,7,-36,-66,0,2,0,0,0,0,,,,
Suizhou,Hubei,随州市,湖北省,0.0,0.0,0.0,0.0,5.0,31.0,16.0,18.0,46.0,27,85,76,80,74,183,65,128,81,38,31,65,46,34,31,46,28,22,13,11,2,3,4,4,4,3,2,1,,,,
Enshi Tujia and Miao Autonomous Prefecture,Hubei,恩施土家族苗族自治州,湖北省,0.0,0.0,0.0,0.0,11.0,6.0,8.0,13.0,13.0,15,9,12,18,6,12,15,6,13,3,11,21,8,8,26,8,7,3,2,1,-1,-5,1,1,0,0,0,0,,,,
Xiantao,Hubei,仙桃市,湖北省,0.0,0.0,0.0,0.0,8.0,1.0,1.0,15.0,5.0,23,35,7,43,29,19,37,40,42,52,20,37,22,22,20,20,14,9,8,13,18,5,1,3,0,2,2,0,,,,
Qianjiang,Hubei,潜江市,湖北省,0.0,0.0,0.0,0.0,0.0,0.0,5.0,2.0,1.0,2,2,15,8,0,9,10,10,10,6,2,3,5,0,4,10,12,50,16,3,0,0,3,1,2,3,1,1,,,,
Tianmen,Hubei,天门市,湖北省,0.0,0.0,0.0,0.0,3.0,2.0,8.0,10.0,11.0,10,23,15,17,16,2,11,10,25,16,18,20,44,32,69,54,8,25,38,15,-14,-13,4,1,1,0,1,1,,,,
Shennongjia Forestry District,Hubei,神农架林区,湖北省,0.0,0.0,0.0,0.0,0.0,0.0,0.0,1.0,2.0,2,2,0,0,0,3,0,0,0,0,0,0,0,0,0,0,0,0,0,0,0,0,0,1,0,0,0,0,,,,
Changsha,Hunan,长沙市,湖南省,,,,4.0,0.0,10.0,4.0,2.0,22.0,11,11,18,26,13,23,16,15,11,6,9,8,6,4,5,10,3,0,0,0,0,1,0,0,0,0,0,0,0.0,0.0,0.0,0.0
Hengyang,Hunan,衡阳市,湖南省,,,,0.0,3.0,0.0,1.0,3.0,10.0,3,5,1,4,2,3,4,4,0,0,2,0,0,0,0,1,1,0,1,0,0,0,0,0,0,0,0,0,0.0,0.0,0.0,0.0
Zhuzhou,Hunan,株洲市,湖南省,,,,1.0,0.0,2.0,2.0,2.0,6.0,5,1,3,3,1,8,4,3,5,2,10,3,7,3,4,2,1,0,0,0,0,0,0,1,1,0,0,0,0.0,0.0,0.0,0.0
Xiangtan,Hunan,湘潭市,湖南省,,,,1.0,1.0,1.0,1.0,2.0,2.0,1,1,3,3,3,2,2,1,1,3,0,3,1,0,0,2,1,0,0,0,0,0,0,1,0,0,0,0,0.0,0.0,0.0,0.0
Shaoyang,Hunan,邵阳市,湖南省,,,,0.0,2.0,0.0,6.0,3.0,8.0,10,7,5,8,2,4,13,6,9,3,1,2,2,3,5,1,0,1,0,0,1,0,0,0,0,0,0,0,0.0,0.0,0.0,0.0
Yueyang,Hunan,岳阳市,湖南省,,,,3.0,2.0,1.0,1.0,10.0,9.0,3,8,8,8,17,13,6,4,14,4,4,9,10,12,2,1,4,1,0,1,0,1,0,0,0,0,0,0,0.0,0.0,0.0,0.0
Changde,Hunan,常德市,湖南省,,,,0.0,3.0,4.0,5.0,7.0,7.0,4,7,2,3,3,5,6,6,2,2,0,6,1,2,2,1,0,1,0,0,0,0,1,0,2,0,0,0,0.0,0.0,0.0,0.0
Zhangjiajie,Hunan,张家界市,湖南省,,,,0.0,0.0,0.0,0.0,0.0,0.0,1,0,1,1,0,0,0,0,2,0,0,0,0,0,0,0,0,0,0,0,0,0,0,0,0,0,0,0,0.0,0.0,0.0,0.0
Yiyang,Hunan,益阳市,湖南省,,,,4.0,4.0,0.0,3.0,3.0,4.0,3,3,4,3,3,5,5,1,2,1,2,7,1,4,1,0,0,0,0,0,0,0,0,0,0,0,0,0,0.0,0.0,1.0,0.0
Chenzhou,Hunan,郴州市,湖南省,,,,0.0,0.0,2.0,3.0,1.0,0.0,3,2,1,5,3,1,2,1,4,2,1,0,1,5,0,1,0,0,0,0,0,0,0,0,0,0,0,0,0.0,0.0,0.0,0.0
Yongzhou,Hunan,永州市,湖南省,,,,3.0,0.0,0.0,0.0,3.0,4.0,3,2,2,4,4,0,4,2,6,2,0,1,1,1,0,0,0,0,0,0,0,0,0,0,0,0,0,0,1.0,0.0,0.0,0.0
Huaihua,Hunan,怀化市,湖南省,,,,0.0,2.0,3.0,3.0,5.0,2.0,5,3,2,3,1,3,0,1,2,0,1,0,0,0,0,0,1,0,0,0,0,0,0,0,0,0,0,0,0.0,0.0,0.0,0.0
Loudi,Hunan,娄底市,湖南省,,,,3.0,2.0,0.0,2.0,2.0,4.0,3,4,6,3,6,5,5,6,2,6,5,2,3,0,3,1,2,0,1,0,0,0,0,0,0,0,0,0,0.0,0.0,0.0,0.0
Xiangxi Tujia and Miao Autonomous Prefecture,Hunan,湘西土家族苗族自治州,湖南省,,,,0.0,0.0,3.0,0.0,0.0,0.0,1,1,1,0,0,0,1,0,1,0,0,0,0,0,0,0,0,0,0,0,0,0,0,0,0,0,0,0,0.0,0.0,0.0,0.0
Shenzhen,Guangdong,深圳市,广东省,,5.0,1.0,0.0,5.0,6.0,9.0,13.0,14.0,23,24,60,26,30,43,20,25,20,17,13,4,7,11,5,9,6,8,1,1,0,0,0,1,0,0,0,0,0.0,0.0,0.0,0.0
Guangzhou,Guangdong,广州市,广东省,,2.0,3.0,2.0,7.0,0.0,25.0,12.0,12.0,16,27,31,38,14,27,21,18,29,14,6,9,4,6,4,1,7,3,1,0,0,0,0,4,2,0,1,0,0.0,0.0,0.0,0.0
Zhuhai,Guangdong,珠海市,广东省,,1.0,0.0,4.0,2.0,0.0,2.0,0.0,2.0,4,8,12,3,10,13,5,4,0,9,1,2,1,1,2,2,4,1,1,1,0,0,0,0,0,0,0,0,0.0,0.0,0.0,0.0
Foshan,Guangdong,佛山市,广东省,,1.0,0.0,5.0,3.0,2.0,4.0,4.0,0.0,7,7,6,1,4,3,3,1,7,3,5,3,2,8,3,1,2,0,0,0,0,0,0,0,0,0,0,0,0.0,0.0,0.0,0.0
Dongguan,Guangdong,东莞市,广东省,,0.0,0.0,0.0,1.0,1.0,0.0,0.0,5.0,0,9,5,6,4,6,7,3,6,3,2,2,2,5,3,3,8,8,0,2,0,1,1,0,1,2,1,0,0.0,1.0,1.0,0.0
Huizhou,Guangdong,惠州市,广东省,,0.0,0.0,4.0,2.0,1.0,0.0,3.0,1.0,5,0,3,3,5,1,2,4,4,2,6,3,3,1,1,1,2,0,0,1,3,0,0,0,0,0,0,0,0.0,0.0,0.0,0.0
Zhongshan,Guangdong,中山市,广东省,,0.0,1.0,1.0,0.0,0.0,2.0,2.0,6.0,4,2,0,3,4,6,4,9,2,0,5,5,2,4,2,0,1,0,1,0,0,0,0,0,0,0,0,0,0.0,0.0,0.0,0.0
Shantou,Guangdong,汕头市,广东省,,0.0,0.0,0.0,1.0,1.0,0.0,3.0,1.0,6,0,2,0,3,1,2,0,2,3,0,0,0,0,0,0,0,0,0,0,0,0,0,0,0,0,0,0,0.0,0.0,0.0,0.0
Zhanjiang,Guangdong,湛江市,广东省,,1.0,0.0,0.0,0.0,2.0,1.0,0.0,2.0,2,2,2,1,0,1,3,1,0,1,1,0,0,0,0,1,0,0,0,0,0,0,0,0,0,0,0,0,0.0,0.0,0.0,0.0
Yangjiang,Guangdong,阳江市,广东省,,0.0,0.0,3.0,2.0,1.0,2.0,0.0,2.0,0,0,0,0,0,2,0,1,0,0,0,0,0,0,0,0,0,0,0,0,0,0,0,0,0,1,0,0,0.0,0.0,0.0,0.0
Zhaoqing,Guangdong,肇庆市,广东省,,0.0,1.0,0.0,1.0,2.0,0.0,0.0,1.0,0,1,0,1,0,3,1,2,1,0,0,0,1,1,0,1,0,0,0,1,0,0,0,1,0,0,0,0,0.0,0.0,0.0,0.0
Meizhou,Guangdong,梅州市,广东省,,0.0,0.0,0.0,0.0,0.0,1.0,2.0,1.0,1,0,0,1,1,2,1,2,0,1,0,0,0,0,0,1,1,1,0,0,0,0,0,0,0,0,0,0,0.0,0.0,0.0,0.0
Qingyuan,Guangdong,清远市,广东省,,0.0,0.0,1.0,1.0,1.0,0.0,2.0,1.0,0,0,0,0,0,2,2,0,0,0,0,0,0,2,0,0,0,0,0,0,0,0,0,0,0,0,0,0,0.0,0.0,0.0,0.0
Jieyang,Guangdong,揭阳市,广东省,,0.0,0.0,0.0,0.0,3.0,0.0,1.0,2.0,0,0,0,0,0,0,0,1,0,0,0,0,1,0,0,0,0,0,0,0,0,0,0,0,0,0,0,0,0.0,0.0,0.0,0.0
Shaoguan,Guangdong,韶关市,广东省,,2.0,0.0,1.0,0.0,0.0,1.0,0.0,0.0,0,0,0,1,0,1,0,0,0,0,0,0,1,0,1,0,2,0,0,0,0,0,0,0,0,0,0,0,0.0,0.0,0.0,0.0
Shanwei,Guangdong,汕尾市,广东省,,0.0,0.0,0.0,0.0,0.0,1.0,0.0,0.0,0,2,1,0,1,0,0,0,0,0,0,0,0,0,0,0,0,0,0,0,0,0,0,0,0,0,0,0,0.0,0.0,0.0,0.0
Maoming,Guangdong,茂名市,广东省,,0.0,0.0,0.0,0.0,0.0,0.0,0.0,2.0,1,0,0,0,1,1,1,0,0,0,3,1,1,2,0,0,0,0,1,0,0,0,0,0,0,0,0,0,0.0,0.0,0.0,0.0
Jiangmen,Guangdong,江门市,广东省,,0.0,0.0,0.0,0.0,0.0,0.0,0.0,0.0,1,0,2,0,1,2,1,2,2,3,3,2,1,1,1,0,0,1,0,0,0,0,0,0,0,0,0,0,0.0,0.0,0.0,0.0
Heyuan,Guangdong,河源市,广东省,,0.0,0.0,0.0,0.0,0.0,0.0,0.0,1.0,0,0,0,0,0,0,0,0,1,1,0,0,0,0,0,0,0,0,1,0,0,0,0,0,0,0,0,0,0.0,0.0,0.0,0.0
Chaozhou,Guangdong,潮州市,广东省,,0.0,0.0,0.0,0.0,0.0,0.0,0.0,0.0,0,0,3,0,1,0,0,1,0,0,0,0,0,0,0,0,0,0,0,0,0,0,0,0,0,0,0,0,0.0,0.0,0.0,0.0
Yunfu,Guangdong,云浮市,广东省,,0.0,0.0,0.0,0.0,0.0,0.0,0.0,0.0,0,0,0,0,0,0,0,0,0,0,0,0,0,0,0,0,0,0,0,0,0,0,0,0,0,0,0,0,0.0,0.0,0.0,0.0
Nanning,Guangxi Zhuang Autonomous Region,南宁市,广西壮族自治区,,,,,0.0,1.0,4.0,0.0,2.0,8,1,0,0,6,5,1,2,1,1,3,2,4,3,0,3,2,1,1,3,0,0,0,1,0,0,0,0,0.0,0.0,0.0,0.0
Liuzhou,Guangxi Zhuang Autonomous Region,柳州市,广西壮族自治区,,,,,1.0,1.0,2.0,0.0,0.0,4,1,1,0,2,1,2,3,0,0,0,2,0,0,0,0,2,0,0,0,0,0,0,0,0,0,0,0,0.0,0.0,0.0,0.0
Guilin,Guangxi Zhuang Autonomous Region,桂林市,广西壮族自治区,,,,,4.0,5.0,3.0,1.0,1.0,2,0,3,2,1,0,2,1,1,1,0,1,0,1,0,0,0,0,0,0,0,0,0,1,0,0,0,0,0.0,0.0,0.0,0.0
Wuzhou,Guangxi Zhuang Autonomous Region,梧州市,广西壮族自治区,,,,,0.0,1.0,0.0,2.0,0.0,0,0,1,0,0,0,0,0,0,0,0,0,0,0,0,0,0,0,0,0,0,0,0,0,0,0,0,0,0.0,0.0,0.0,0.0
Beihai,Guangxi Zhuang Autonomous Region,北海市,广西壮族自治区,,,,,0.0,1.0,2.0,2.0,2.0,2,2,6,0,3,1,2,2,0,1,1,2,1,3,0,1,3,0,0,1,0,0,0,0,0,0,0,0,0.0,0.0,0.0,0.0
Fangchenggang,Guangxi Zhuang Autonomous Region,防城港市,广西壮族自治区,,,,,2.0,0.0,1.0,0.0,2.0,0,2,1,0,1,2,2,2,0,1,0,1,0,0,0,0,0,1,0,0,0,1,0,0,0,0,0,0,0.0,0.0,0.0,0.0
Qinzhou,Guangxi Zhuang Autonomous Region,钦州市,广西壮族自治区,,,,,0.0,0.0,0.0,0.0,0.0,1,0,0,1,0,1,1,3,0,1,0,0,0,0,0,0,0,0,0,0,0,0,0,0,0,0,0,0,0.0,0.0,0.0,0.0
Guigang,Guangxi Zhuang Autonomous Region,贵港市,广西壮族自治区,,,,,0.0,0.0,0.0,0.0,0.0,0,0,0,4,1,0,0,2,0,0,0,1,0,0,0,0,0,0,0,0,0,0,0,0,0,0,0,0,0.0,0.0,0.0,0.0
Yulin,Guangxi Zhuang Autonomous Region,玉林市,广西壮族自治区,,,,,1.0,0.0,1.0,0.0,0.0,0,2,1,2,1,0,0,0,0,1,0,0,0,0,0,0,1,0,0,0,1,0,0,0,0,0,0,0,0.0,0.0,0.0,0.0
Baise,Guangxi Zhuang Autonomous Region,百色市,广西壮族自治区,,,,,0.0,1.0,0.0,0.0,0.0,0,0,0,0,0,0,0,0,1,0,0,0,0,0,0,0,0,0,0,0,0,0,0,0,0,0,0,0,0.0,0.0,0.0,0.0
Hezhou,Guangxi Zhuang Autonomous Region,贺州市,广西壮族自治区,,,,,0.0,0.0,0.0,0.0,0.0,1,0,0,2,1,0,0,0,0,0,0,0,0,0,0,0,0,0,0,0,0,0,0,0,0,0,0,0,0.0,0.0,0.0,0.0
Hechi,Guangxi Zhuang Autonomous Region,河池市,广西壮族自治区,,,,,2.0,0.0,0.0,0.0,0.0,2,1,0,0,0,2,1,2,0,4,4,2,0,0,0,0,1,0,0,0,1,0,1,1,0,2,1,0,0.0,0.0,0.0,0.0
Laibin,Guangxi Zhuang Autonomous Region,来宾市,广西壮族自治区,,,,,0.0,0.0,0.0,0.0,0.0,0,0,0,0,0,0,0,1,1,1,4,4,0,0,0,0,0,0,0,0,0,0,0,0,0,0,0,0,0.0,0.0,0.0,0.0
Chongzuo,Guangxi Zhuang Autonomous Region,崇左市,广西壮族自治区,,,,,0.0,0.0,0.0,0.0,0.0,0,0,0,0,0,0,0,0,0,0,0,0,0,0,0,0,0,0,0,0,0,0,0,0,0,0,0,0,0.0,0.0,0.0,0.0
Haikou,Hainan,海口市,海南省,,,0.0,2.0,0.0,0.0,3.0,1.0,2.0,0,0,2,0,2,1,2,0,3,4,1,5,1,0,0,0,4,0,0,1,0,5,0,0,0,0,0,0,0.0,0.0,0.0,0.0
Sanya,Hainan,三亚市,海南省,,,1.0,1.0,3.0,3.0,2.0,4.0,0.0,0,0,1,2,0,1,4,8,2,5,3,1,4,1,8,0,0,0,0,0,0,0,0,0,0,0,0,0,0.0,0.0,0.0,0.0
Danzhou,Hainan,儋州市,海南省,,,0.0,0.0,3.0,0.0,1.0,1.0,0.0,0,0,1,0,1,1,0,2,1,0,0,0,0,0,4,0,0,0,0,0,0,0,0,0,0,0,0,0,0.0,0.0,0.0,0.0
Wenchang,Hainan,文昌市,海南省,,,0.0,0.0,0.0,0.0,0.0,0.0,0.0,0,0,0,0,1,0,0,0,2,0,0,0,0,0,0,0,0,0,0,0,0,0,0,0,0,0,0,0,0.0,0.0,0.0,0.0
Qionghai City,Hainan,琼海市,海南省,,,0.0,0.0,0.0,0.0,0.0,1.0,0.0,2,1,0,1,1,0,0,0,0,0,0,0,0,0,0,0,0,0,0,0,0,0,0,0,0,0,0,0,0.0,0.0,0.0,0.0
Wanning City,Hainan,万宁市,海南省,,,0.0,1.0,3.0,0.0,2.0,0.0,1.0,0,0,0,0,0,3,0,0,0,1,0,0,1,0,0,0,0,0,0,0,0,0,0,0,0,0,0,0,0.0,0.0,0.0,0.0
Dongfang City,Hainan,东方市,海南省,,,0.0,0.0,0.0,0.0,0.0,1.0,1.0,0,0,0,0,0,0,1,1,0,0,0,0,0,0,0,0,0,0,0,0,0,0,0,0,0,0,0,0,0.0,0.0,0.0,0.0
Chengmai County,Hainan,澄迈县,海南省,,,0.0,0.0,0.0,1.0,1.0,0.0,0.0,0,0,0,0,0,1,1,0,2,1,0,0,0,1,0,0,1,0,0,0,0,0,0,0,0,0,0,0,0.0,0.0,0.0,0.0
Lingao County,Hainan,临高县,海南省,,,0.0,0.0,0.0,0.0,0.0,0.0,0.0,0,0,2,1,0,0,1,0,0,0,0,1,0,0,0,0,0,0,0,0,0,0,0,0,0,0,0,0,0.0,0.0,0.0,0.0
Changjiang Li Autonomous County,Hainan,昌江黎族自治县,海南省,,,0.0,0.0,0.0,0.0,0.0,0.0,0.0,0,1,0,0,2,0,0,0,1,1,0,1,0,1,0,0,0,0,0,0,0,0,0,0,0,0,0,0,0.0,0.0,0.0,0.0
Lingshui Li Autonomous County,Hainan,陵水黎族自治县,海南省,,,0.0,0.0,0.0,1.0,0.0,0.0,0.0,1,0,1,2,0,0,0,0,0,0,0,0,0,0,0,0,0,0,0,0,0,0,0,0,0,0,0,0,0.0,0.0,0.0,0.0
Ding'an County,Hainan,定安县,海南省,,,0.0,0.0,0.0,0.0,0.0,0.0,0.0,0,1,0,0,0,2,0,0,0,0,0,0,0,0,0,0,0,0,0,0,0,0,0,0,0,0,0,0,0.0,0.0,0.0,0.0
Baoting Li and Miao Autonomous County,Hainan,保亭黎族苗族自治县,海南省,,,0.0,0.0,0.0,0.0,0.0,0.0,0.0,0,0,0,0,0,0,2,0,0,0,1,0,0,0,0,0,0,0,0,0,0,0,0,0,0,0,0,0,0.0,0.0,0.0,0.0
Ledong Li Autonomous County,Hainan,乐东黎族自治县,海南省,,,0.0,0.0,0.0,0.0,0.0,0.0,0.0,0,0,1,0,0,0,0,0,0,0,1,0,0,0,0,0,0,0,0,0,0,0,0,0,0,0,0,0,0.0,0.0,0.0,0.0
Qiongzhong Li and Miao Autonomous County,Hainan,琼中黎族苗族自治县,海南省,,,0.0,0.0,0.0,0.0,0.0,1.0,1.0,0,0,0,0,0,0,0,0,0,0,0,0,0,0,0,0,0,0,0,0,0,0,0,0,0,0,0,0,0.0,0.0,0.0,0.0
Baisha Li Autonomous County,Hainan,白沙黎族自治县,海南省,,,0.0,0.0,0.0,0.0,0.0,0.0,0.0,0,0,0,0,0,0,0,0,0,0,0,0,0,0,0,0,0,0,0,0,0,0,0,0,0,0,0,0,0.0,0.0,0.0,0.0
Sansha,Hainan,三沙市,海南省,,,0.0,0.0,0.0,0.0,0.0,0.0,0.0,0,0,0,0,0,0,0,0,0,0,0,0,0,0,0,0,0,0,0,0,0,0,0,0,0,0,0,0,0.0,0.0,0.0,0.0
Tunchang County,Hainan,屯昌县,海南省,,,0.0,0.0,0.0,0.0,0.0,0.0,0.0,0,0,0,0,0,0,0,0,0,0,0,0,0,0,0,0,0,0,0,0,0,0,0,0,0,0,0,0,0.0,0.0,0.0,0.0
Wuzhishan City,Hainan,五指山市,海南省,,,0.0,0.0,0.0,0.0,0.0,0.0,0.0,0,0,0,0,0,0,0,0,0,0,0,0,0,0,0,0,0,0,0,0,0,0,0,0,0,0,0,0,0.0,0.0,0.0,0.0
Chongqing Municipality,Chongqing Municipality,重庆市,重庆市,,,3.0,18.0,30.0,18.0,35.0,22.0,15.0,18,41,32,24,38,37,29,23,22,15,20,22,18,19,13,11,8,7,7,2,2,5,7,5,1,2,1,0,0.0,0.0,0.0,0.0
Chengdu,Sichuan,成都市,四川省,,1.0,1.0,5.0,9.0,6.0,11.0,4.0,9.0,13,10,3,1,4,10,5,5,5,7,11,3,1,1,6,4,4,1,0,0,1,0,2,0,0,0,0,0,0.0,0.0,0.0,0.0
Zigong,Sichuan,自贡市,四川省,,0.0,0.0,0.0,1.0,0.0,1.0,5.0,0.0,0,2,0,0,0,0,0,0,0,0,0,0,0,0,0,0,0,0,0,0,0,0,0,0,0,0,0,0,0.0,0.0,0.0,0.0
Panzhihua,Sichuan,攀枝花市,四川省,,0.0,0.0,0.0,0.0,0.0,0.0,0.0,0.0,0,1,6,2,1,0,1,0,0,1,1,0,0,0,0,0,0,0,0,3,0,0,0,0,0,0,0,0,0.0,0.0,0.0,0.0
Luzhou,Sichuan,泸州市,四川省,,0.0,0.0,0.0,1.0,1.0,1.0,1.0,1.0,0,0,0,1,1,2,1,2,1,0,3,1,1,1,0,0,0,0,0,0,1,4,0,0,0,0,0,0,0.0,0.0,0.0,0.0
Deyang,Sichuan,德阳市,四川省,,0.0,0.0,1.0,0.0,0.0,0.0,0.0,1.0,1,4,0,3,0,2,0,0,0,1,3,0,0,0,1,0,0,0,0,0,0,0,1,0,0,0,0,0,0.0,0.0,0.0,0.0
Mianyang,Sichuan,绵阳市,四川省,,0.0,2.0,0.0,0.0,3.0,2.0,1.0,0.0,1,2,1,2,3,0,0,1,1,1,0,1,0,1,0,0,0,0,0,0,0,0,0,0,0,0,0,0,0.0,0.0,0.0,0.0
Guangyuan,Sichuan,广元市,四川省,,0.0,0.0,0.0,0.0,0.0,0.0,0.0,1.0,2,-1,0,3,0,1,0,0,0,0,0,0,0,0,0,0,0,0,0,0,0,0,0,0,0,0,0,0,0.0,0.0,0.0,0.0
Suining,Sichuan,遂宁市,四川省,,0.0,0.0,1.0,1.0,0.0,0.0,1.0,0.0,1,1,0,0,0,0,0,0,0,1,2,2,0,0,0,0,0,2,5,0,0,0,0,0,0,0,0,0,0.0,0.0,0.0,0.0
Neijiang,Sichuan,内江市,四川省,,0.0,0.0,0.0,1.0,0.0,0.0,2.0,1.0,0,2,4,1,1,3,0,1,1,0,0,0,1,2,1,0,1,0,0,0,0,0,0,0,0,0,0,0,0.0,0.0,0.0,0.0
Leshan,Sichuan,乐山市,四川省,,0.0,0.0,0.0,0.0,1.0,0.0,1.0,0.0,0,0,0,0,0,0,0,0,1,0,0,0,0,0,0,0,0,0,0,0,0,0,0,0,0,0,0,0,0.0,0.0,0.0,0.0
Nanchong,Sichuan,南充市,四川省,,0.0,0.0,0.0,0.0,2.0,0.0,2.0,1.0,4,2,5,7,3,1,1,1,1,1,1,1,1,0,1,0,0,0,0,3,0,0,0,0,0,1,0,0,0.0,0.0,0.0,0.0
Yibin,Sichuan,宜宾市,四川省,,0.0,0.0,0.0,0.0,0.0,1.0,0.0,1.0,3,2,0,0,0,0,0,1,1,0,0,0,0,1,1,0,0,0,0,1,0,0,0,0,0,0,0,0,0.0,0.0,0.0,0.0
Guang'an,Sichuan,广安市,四川省,,0.0,0.0,1.0,0.0,0.0,4.0,1.0,0.0,2,4,3,4,1,3,0,0,3,1,0,0,2,0,0,0,0,0,0,0,0,0,0,0,0,0,0,0,0.0,0.0,0.0,0.0
Dazhou,Sichuan,达州市,四川省,,0.0,0.0,1.0,0.0,0.0,2.0,0.0,1.0,2,2,1,0,2,2,4,3,3,2,0,3,2,3,3,0,0,0,2,1,1,0,1,0,0,0,1,0,0.0,0.0,0.0,0.0
Bazhong,Sichuan,巴中市,四川省,,0.0,0.0,0.0,0.0,0.0,0.0,0.0,2.0,2,1,3,0,4,0,3,4,1,1,0,1,0,0,0,2,0,0,0,0,0,0,0,0,0,0,0,0,0.0,0.0,0.0,0.0
Ya'an,Sichuan,雅安市,四川省,,0.0,0.0,1.0,0.0,0.0,0.0,1.0,0.0,0,1,2,0,0,0,1,0,0,0,0,0,0,0,1,0,0,0,0,0,0,0,0,0,0,0,0,0,0.0,0.0,0.0,0.0
Meishan,Sichuan,眉山市,四川省,,0.0,0.0,0.0,0.0,1.0,0.0,0.0,0.0,1,0,0,0,1,2,0,0,0,1,1,0,0,1,0,0,0,0,0,0,0,0,0,0,0,0,0,0,0.0,0.0,0.0,0.0
Ziyang,Sichuan,资阳市,四川省,,0.0,0.0,0.0,0.0,0.0,2.0,0.0,0.0,0,0,0,0,0,0,0,0,0,0,1,0,0,0,0,0,0,0,0,0,0,0,0,0,0,0,1,0,0.0,0.0,0.0,0.0
Ngawa Tibetan and Qiang Autonomous Prefecture,Sichuan,阿坝藏族羌族自治州,四川省,,0.0,0.0,0.0,0.0,0.0,0.0,0.0,0.0,0,1,0,0,0,0,0,0,0,0,0,0,0,0,0,0,0,0,0,0,0,0,0,0,0,0,0,0,0.0,0.0,0.0,0.0
Garzê Tibetan Autonomous Prefecture,Sichuan,甘孜藏族自治州,四川省,,0.0,0.0,0.0,0.0,2.0,0.0,1.0,0.0,2,0,0,0,1,2,2,2,5,0,0,6,4,9,1,6,1,6,7,5,3,2,1,1,0,0,0,2,3.0,4.0,0.0,0.0
Liangshan Yi Autonomous Prefecture,Sichuan,凉山彝族自治州,四川省,,0.0,0.0,0.0,0.0,0.0,1.0,1.0,0.0,0,1,2,0,1,0,1,0,0,2,0,1,0,0,0,0,1,2,0,0,0,0,0,0,0,0,0,0,0.0,0.0,0.0,0.0
Guiyang,Guizhou,贵阳市,贵州省,,,1.0,0.0,0.0,0.0,0.0,0.0,0.0,0,0,3,2,1,3,2,3,3,0,4,5,2,0,4,1,0,0,2,0,0,0,0,0,0,0,0,0,0.0,0.0,0.0,0.0
Zunyi,Guizhou,遵义市,贵州省,,,0.0,0.0,0.0,0.0,0.0,0.0,0.0,1,0,3,1,3,1,0,0,3,3,0,4,4,2,0,3,3,1,0,0,0,0,0,0,0,0,0,0,0.0,0.0,0.0,0.0
Liupanshui,Guizhou,六盘水市,贵州省,,,0.0,0.0,0.0,0.0,1.0,0.0,0.0,0,3,4,0,1,0,0,0,0,0,1,0,0,0,0,0,0,0,0,0,0,0,0,0,0,0,0,0,0.0,0.0,0.0,0.0
Anshun,Guizhou,安顺市,贵州省,,,0.0,0.0,0.0,0.0,0.0,0.0,0.0,0,0,0,2,0,0,1,0,1,0,0,0,0,0,0,0,0,0,0,0,0,0,0,0,0,0,0,0,0.0,0.0,0.0,0.0
Bijie,Guizhou,毕节市,贵州省,,,0.0,0.0,0.0,0.0,0.0,0.0,0.0,1,0,2,1,0,4,3,2,0,8,0,0,0,1,0,1,0,0,0,0,0,0,0,0,0,0,0,0,0.0,0.0,0.0,0.0
Tongren,Guizhou,铜仁市,贵州省,,,1.0,0.0,1.0,0.0,0.0,0.0,0.0,0,0,1,0,3,0,0,0,0,0,1,1,1,1,0,0,0,0,0,0,0,0,0,0,0,0,0,0,0.0,0.0,0.0,0.0
Qiandongnan Miao and Dong Autonomous Prefecture,Guizhou,黔东南苗族侗族自治州,贵州省,,,0.0,0.0,0.0,0.0,0.0,0.0,0.0,1,0,1,2,0,0,1,0,0,0,1,2,2,0,0,0,0,0,0,0,0,0,0,0,0,0,0,0,0.0,0.0,0.0,0.0
Qiannan Buyi and Miao Autonomous Prefecture,Guizhou,黔南布依族苗族自治州,贵州省,,,1.0,0.0,0.0,0.0,1.0,2.0,0.0,0,0,0,1,0,1,0,0,1,0,0,1,0,9,0,0,0,0,0,0,0,0,0,0,0,0,0,0,0.0,0.0,0.0,0.0
Qianxinan Buyi and Miao Autonomous Prefecture,Guizhou,黔西南布依族苗族自治州,贵州省,,,0.0,0.0,0.0,1.0,0.0,0.0,0.0,0,0,0,0,0,1,1,0,0,1,0,0,0,0,0,0,0,0,0,0,0,0,0,0,0,0,0,0,0.0,0.0,0.0,0.0
Kunming,Yunnan,昆明市,云南省,,,,,1.0,1.0,3.0,0.0,8.0,6,3,6,1,1,2,0,3,3,1,0,1,3,1,1,1,0,1,2,1,1,0,1,0,0,0,0,0,0.0,0.0,0.0,0.0
Zhaotong,Yunnan,昭通市,云南省,,,,,0.0,0.0,1.0,0.0,1.0,2,0,2,0,2,1,1,0,0,0,2,0,0,2,0,5,6,0,0,0,0,0,0,0,0,0,0,0,0.0,0.0,0.0,0.0
Xishuangbanna Dai Autonomous Prefecture,Yunnan,西双版纳傣族自治州,云南省,,,,,1.0,0.0,0.0,0.0,5.0,4,2,0,0,1,0,1,1,0,0,0,0,0,0,0,0,0,0,0,0,0,0,0,0,0,0,0,0,0.0,0.0,0.0,0.0
Yuxi,Yunnan,玉溪市,云南省,,,,,0.0,1.0,0.0,0.0,4.0,1,0,1,4,1,0,0,1,0,1,0,0,0,0,0,0,0,0,0,0,0,0,0,0,0,0,0,0,0.0,0.0,0.0,0.0
Qujing,Yunnan,曲靖市,云南省,,,,,0.0,1.0,0.0,1.0,3.0,0,0,0,0,1,2,2,0,0,1,0,0,1,1,0,0,0,0,0,0,0,0,0,0,0,0,0,0,0.0,0.0,0.0,0.0
Dali Bai Autonomous Prefecture,Yunnan,大理白族自治州,云南省,,,,,0.0,1.0,0.0,1.0,1.0,1,2,0,1,0,0,0,1,3,0,0,0,2,0,0,0,0,0,0,0,0,0,0,0,0,0,0,0,0.0,0.0,0.0,0.0
Baoshan,Yunnan,保山市,云南省,,,,,0.0,0.0,2.0,1.0,1.0,1,1,1,1,0,0,0,0,1,0,0,0,0,0,0,0,0,0,0,0,0,0,0,0,0,0,0,0,0.0,0.0,0.0,0.0
Honghe Hani and Yi Autonomous Prefecture,Yunnan,红河哈尼族彝族自治州,云南省,,,,,0.0,1.0,0.0,1.0,0.0,2,0,0,1,0,0,0,0,0,0,0,0,1,1,0,1,0,0,0,0,0,0,1,0,0,0,0,0,0.0,0.0,0.0,0.0
Lijiang,Yunnan,丽江市,云南省,,,,,1.0,1.0,0.0,3.0,1.0,0,0,0,0,1,0,0,0,0,0,0,0,0,0,0,0,0,0,0,0,0,0,0,0,0,0,0,0,0.0,0.0,0.0,0.0
Dehong Dai and Jingpo Autonomous Prefecture,Yunnan,德宏傣族景颇族自治州,云南省,,,,,0.0,0.0,2.0,0.0,0.0,0,1,0,0,1,1,0,0,0,0,0,0,0,0,0,0,0,0,0,0,0,0,0,0,0,0,0,0,0.0,0.0,0.0,0.0
Pu'er,Yunnan,普洱市,云南省,,,,,0.0,0.0,0.0,0.0,1.0,2,1,0,0,0,0,0,0,0,0,0,0,0,0,0,0,0,0,0,0,0,0,0,0,0,0,0,0,0.0,0.0,0.0,0.0
Chuxiong Yi Autonomous Prefecture,Yunnan,楚雄彝族自治州,云南省,,,,,0.0,0.0,0.0,0.0,0.0,0,0,0,0,2,1,1,0,0,0,0,0,0,0,0,0,0,0,0,0,0,0,0,0,0,0,0,0,0.0,0.0,0.0,0.0
Wenshan Zhuang and Miao Autonomous Prefecture,Yunnan,文山壮族苗族自治州,云南省,,,,,0.0,0.0,0.0,0.0,0.0,0,0,0,0,0,1,0,0,0,0,0,0,1,0,0,0,0,0,0,0,0,0,0,0,0,0,0,0,0.0,0.0,0.0,0.0
Lincang,Yunnan,临沧市,云南省,,,,,0.0,0.0,0.0,0.0,0.0,0,0,1,0,0,0,0,0,0,0,0,0,0,0,0,0,0,0,0,0,0,0,0,0,0,0,0,0,0.0,0.0,0.0,0.0
Dêqên Tibetan Autonomous Prefecture,Yunnan,迪庆藏族自治州,云南省,,,,,0.0,0.0,0.0,0.0,0.0,0,0,0,0,0,0,0,0,0,0,0,0,0,0,0,0,0,0,0,0,0,0,0,0,0,0,0,0,0.0,0.0,0.0,0.0
Nujiang Lisu Autonomous Prefecture,Yunnan,怒江傈僳族自治州,云南省,,,,,0.0,0.0,0.0,0.0,0.0,0,0,0,0,0,0,0,0,0,0,0,0,0,0,0,0,0,0,0,0,0,0,0,0,0,0,0,0,0.0,0.0,0.0,0.0
Lhasa,Tibet Autonomous Region,拉萨市,西藏自治区,,,,,,,,,,1,0,0,0,0,0,0,0,0,0,0,0,0,0,0,0,0,0,0,0,0,0,0,0,0,0,0,0,0.0,0.0,0.0,0.0
Lhoka,Tibet Autonomous Region,山南市,西藏自治区,,,,,,,,,,0,0,0,0,0,0,0,0,0,0,0,0,0,0,0,0,0,0,0,0,0,0,0,0,0,0,0,0,0.0,0.0,0.0,0.0
Nagqu Prefecture,Tibet Autonomous Region,那曲地区,西藏自治区,,,,,,,,,,0,0,0,0,0,0,0,0,0,0,0,0,0,0,0,0,0,0,0,0,0,0,0,0,0,0,0,0,0.0,0.0,0.0,0.0
Ngari Prefecture,Tibet Autonomous Region,阿里地区,西藏自治区,,,,,,,,,,0,0,0,0,0,0,0,0,0,0,0,0,0,0,0,0,0,0,0,0,0,0,0,0,0,0,0,0,0.0,0.0,0.0,0.0
Nyingchi,Tibet Autonomous Region,林芝市,西藏自治区,,,,,,,,,,0,0,0,0,0,0,0,0,0,0,0,0,0,0,0,0,0,0,0,0,0,0,0,0,0,0,0,0,0.0,0.0,0.0,0.0
Qamdo,Tibet Autonomous Region,昌都市,西藏自治区,,,,,,,,,,0,0,0,0,0,0,0,0,0,0,0,0,0,0,0,0,0,0,0,0,0,0,0,0,0,0,0,0,0.0,0.0,0.0,0.0
Xigazê,Tibet Autonomous Region,日喀则市,西藏自治区,,,,,,,,,,0,0,0,0,0,0,0,0,0,0,0,0,0,0,0,0,0,0,0,0,0,0,0,0,0,0,0,0,0.0,0.0,0.0,0.0
Xi'an,Shaanxi,西安市,陕西省,,,,2.0,0.0,6.0,4.0,3.0,3.0,4,10,8,8,8,5,10,4,6,8,8,2,6,6,4,0,0,0,3,0,1,2,0,0,0,0,0,0,0.0,0.0,0.0,
Baoji,Shaanxi,宝鸡市,陕西省,,,,0.0,0.0,0.0,0.0,3.0,1.0,0,0,2,1,1,2,0,0,2,0,1,0,0,0,0,0,0,0,0,0,0,0,0,0,0,0,0,0,0.0,0.0,0.0,
Xianyang,Shaanxi,咸阳市,陕西省,,,,1.0,0.0,2.0,1.0,0.0,1.0,0,1,2,1,0,2,4,0,0,1,0,1,0,0,0,0,0,0,0,0,0,0,0,0,0,0,0,0,0.0,0.0,0.0,
Tongchuan,Shaanxi,铜川市,陕西省,,,,0.0,0.0,5.0,0.0,0.0,0.0,0,0,0,1,1,0,0,0,1,0,0,0,0,0,0,0,0,0,0,0,0,0,0,0,0,0,0,0,0.0,0.0,0.0,
Weinan,Shaanxi,渭南市,陕西省,,,,0.0,0.0,0.0,1.0,2.0,2.0,1,1,0,0,1,0,3,0,0,0,4,1,0,0,0,0,1,0,0,0,0,0,0,0,0,0,0,0,0.0,0.0,0.0,
Yan'an,Shaanxi,延安市,陕西省,,,,0.0,1.0,0.0,1.0,0.0,1.0,0,4,0,0,0,0,0,0,0,1,0,0,0,0,0,0,0,0,0,0,0,0,0,0,0,0,0,0,0.0,0.0,0.0,
Yulin,Shaanxi,榆林市,陕西省,,,,0.0,0.0,0.0,0.0,0.0,0.0,1,0,0,0,0,0,0,1,0,1,0,0,0,0,0,0,0,0,0,0,0,0,0,0,0,0,0,0,0.0,0.0,0.0,
Hanzhong,Shaanxi,汉中市,陕西省,,,,0.0,0.0,1.0,2.0,1.0,2.0,0,5,2,2,0,1,3,1,1,0,0,0,0,0,0,0,0,4,0,0,1,0,0,0,0,0,0,0,0.0,0.0,0.0,
Ankang,Shaanxi,安康市,陕西省,,,,0.0,1.0,2.0,4.0,1.0,2.0,0,3,1,2,1,0,2,2,0,0,0,1,0,0,0,1,1,0,1,0,0,1,0,0,0,0,0,0,0.0,0.0,0.0,
Shangluo,Shaanxi,商洛市,陕西省,,,,0.0,0.0,1.0,0.0,1.0,0.0,0,0,0,0,0,3,1,0,1,0,0,0,0,0,0,0,0,0,0,0,0,0,0,0,0,0,0,0,0.0,0.0,0.0,
Yangling District,Shaanxi,杨凌示范区,陕西省,,,,0.0,0.0,0.0,0.0,0.0,0.0,0,0,0,0,0,1,0,0,0,0,0,0,0,0,0,0,0,0,0,0,0,0,0,0,0,0,0,0,0.0,0.0,0.0,
Hancheng,Shaanxi,韩城市,陕西省,,,,0.0,0.0,0.0,0.0,0.0,0.0,1,0,0,0,0,0,0,0,0,0,0,0,0,0,0,0,0,0,0,0,0,0,0,0,0,0,0,0,0.0,0.0,0.0,
Linxia Hui Autonomous Prefecture,Gansu,临夏回族自治州,甘肃省,,,,0.0,1.0,0.0,1.0,0.0,0.0,0,0,0,0,1,0,0,0,0,0,0,0,0,0,0,0,0,0,0,0,0,0,0,0,0,0,0,0,0.0,0.0,0.0,0.0
Lanzhou,Gansu,兰州市,甘肃省,,,,1.0,1.0,2.0,4.0,3.0,3.0,0,2,5,3,3,2,2,0,2,0,1,0,2,0,0,0,0,0,0,1,0,0,0,0,0,0,0,0,0.0,0.0,0.0,0.0
Tianshui,Gansu,天水市,甘肃省,,,,0.0,0.0,0.0,0.0,1.0,0.0,1,0,1,0,5,2,0,0,0,0,2,0,0,0,0,0,0,0,0,0,0,0,0,0,0,0,0,0,0.0,0.0,0.0,0.0
Dingxi,Gansu,定西市,甘肃省,,,,0.0,0.0,1.0,0.0,0.0,0.0,1,0,0,1,0,0,0,2,0,3,0,0,0,0,0,1,0,0,0,0,0,0,0,0,0,0,0,0,0.0,0.0,0.0,0.0
Pingliang,Gansu,平凉市,甘肃省,,,,0.0,0.0,0.0,0.0,0.0,1.0,0,0,0,0,0,0,0,0,0,1,2,3,1,0,0,1,0,0,0,0,0,0,0,0,0,0,0,0,0.0,0.0,0.0,0.0
Qingyang,Gansu,庆阳市,甘肃省,,,,0.0,0.0,0.0,0.0,0.0,0.0,0,0,0,0,1,0,0,1,0,0,0,1,0,0,0,0,0,0,0,0,0,0,0,0,0,0,0,0,0.0,0.0,0.0,0.0
Zhangye,Gansu,张掖市,甘肃省,,,,0.0,0.0,0.0,1.0,0.0,1.0,0,0,0,0,0,0,0,0,0,0,0,0,0,0,0,0,0,0,0,0,0,0,0,0,0,0,0,0,0.0,0.0,0.0,0.0
Gannan Tibetan Autonomous Prefecture,Gansu,甘南藏族自治州,甘肃省,,,,0.0,0.0,0.0,0.0,0.0,0.0,0,0,0,1,0,0,0,1,1,0,3,0,0,0,1,1,0,0,0,0,0,0,0,0,0,0,0,0,0.0,0.0,0.0,0.0
Baiyin,Gansu,白银市,甘肃省,,,,1.0,0.0,0.0,0.0,0.0,0.0,0,0,0,0,0,0,0,1,2,0,0,0,0,0,0,0,0,0,0,0,0,0,0,0,0,0,0,0,0.0,0.0,0.0,0.0
Jinchang,Gansu,金昌市,甘肃省,,,,0.0,0.0,0.0,0.0,1.0,0.0,0,0,0,0,0,0,0,0,0,0,0,0,0,0,0,0,0,0,0,0,0,0,0,0,0,0,0,0,0.0,0.0,0.0,0.0
Longnan,Gansu,陇南市,甘肃省,,,,0.0,0.0,0.0,1.0,0.0,0.0,0,2,0,0,1,0,0,0,0,0,0,0,0,0,0,0,0,0,0,0,0,0,0,0,0,0,0,0,0.0,0.0,0.0,0.0
Jiayuguan,Gansu,嘉峪关市,甘肃省,,,,0.0,0.0,0.0,0.0,0.0,0.0,0,0,0,0,0,0,0,0,0,0,0,0,0,0,0,0,0,0,0,0,0,0,0,0,0,0,0,0,0.0,0.0,0.0,0.0
Jiuquan,Gansu,酒泉市,甘肃省,,,,0.0,0.0,0.0,0.0,0.0,0.0,0,0,0,0,0,0,0,0,0,0,0,0,0,0,0,0,0,0,0,0,0,0,0,0,0,0,0,0,0.0,0.0,0.0,0.0
Wuwei,Gansu,武威市,甘肃省,,,,0.0,0.0,0.0,0.0,0.0,0.0,0,0,0,0,0,0,0,0,0,0,0,0,0,0,0,0,0,0,0,0,0,0,0,0,0,0,0,0,0.0,0.0,0.0,0.0
Xining,Qinghai,西宁市,青海省,,,,,,1.0,3.0,2.0,0.0,0,2,1,0,3,0,2,1,0,0,0,0,0,0,0,0,0,0,0,0,0,0,0,0,0,0,0,0,0.0,0.0,0.0,0.0
Haibei Tibetan Autonomous Prefecture,Qinghai,海北藏族自治州,青海省,,,,,,0.0,0.0,0.0,0.0,0,0,0,0,1,2,0,0,0,0,0,0,0,0,0,0,0,0,0,0,0,0,0,0,0,0,0,0,0.0,0.0,0.0,0.0
Haidong,Qinghai,海东市,青海省,,,,,,0.0,0.0,0.0,0.0,0,0,0,0,0,0,0,0,0,0,0,0,0,0,0,0,0,0,0,0,0,0,0,0,0,0,0,0,0.0,0.0,0.0,0.0
Hainan Tibetan Autonomous Prefecture,Qinghai,海南藏族自治州,青海省,,,,,,0.0,0.0,0.0,0.0,0,0,0,0,0,0,0,0,0,0,0,0,0,0,0,0,0,0,0,0,0,0,0,0,0,0,0,0,0.0,0.0,0.0,0.0
Haixi Mongolian Autonomous Prefecture,Qinghai,海西蒙古族自治州,青海省,,,,,,0.0,0.0,0.0,0.0,0,0,0,0,0,0,0,0,0,0,0,0,0,0,0,0,0,0,0,0,0,0,0,0,0,0,0,0,0.0,0.0,0.0,0.0
Huangnan Tibetan Autonomous Prefecture,Qinghai,黄南藏族自治州,青海省,,,,,,0.0,0.0,0.0,0.0,0,0,0,0,0,0,0,0,0,0,0,0,0,0,0,0,0,0,0,0,0,0,0,0,0,0,0,0,0.0,0.0,0.0,0.0
Golog Tibetan Autonomous Prefecture,Qinghai,果洛藏族自治州,青海省,,,,,,0.0,0.0,0.0,0.0,0,0,0,0,0,0,0,0,0,0,0,0,0,0,0,0,0,0,0,0,0,0,0,0,0,0,0,0,0.0,0.0,0.0,0.0
Yushu Tibetan Autonomous Prefecture,Qinghai,玉树藏族自治州,青海省,,,,,,0.0,0.0,0.0,0.0,0,0,0,0,0,0,0,0,0,0,0,0,0,0,0,0,0,0,0,0,0,0,0,0,0,0,0,0,0.0,0.0,0.0,0.0
Yinchuan,Ningxia Hui Autonomous Region,银川市,宁夏回族自治区,,,,,,,3.0,2.0,0.0,2,2,4,1,3,1,0,5,2,2,0,0,2,1,1,0,1,0,0,0,0,0,0,0,0,0,0,0,0.0,0.0,1.0,0.0
Shizuishan,Ningxia Hui Autonomous Region,石嘴山市,宁夏回族自治区,,,,,,,0.0,0.0,0.0,0,0,0,0,0,1,0,0,0,0,0,0,0,0,0,0,0,0,0,0,0,0,0,0,0,0,0,0,0.0,0.0,0.0,0.0
Wuzhong,Ningxia Hui Autonomous Region,吴忠市,宁夏回族自治区,,,,,,,0.0,2.0,1.0,2,0,1,1,0,0,0,1,1,0,1,3,2,4,3,3,2,0,0,0,1,0,0,0,0,0,0,0,0.0,0.0,0.0,0.0
Guyuan,Ningxia Hui Autonomous Region,固原市,宁夏回族自治区,,,,,,,0.0,0.0,0.0,0,1,0,0,0,0,0,0,0,0,0,1,0,0,2,0,0,0,0,0,0,0,0,0,0,0,0,0,0.0,0.0,0.0,0.0
Zhongwei,Ningxia Hui Autonomous Region,中卫市,宁夏回族自治区,,,,,,,0.0,0.0,0.0,0,1,0,0,0,1,0,0,0,0,0,0,0,0,0,0,0,0,0,0,0,0,0,0,0,0,0,0,1.0,0.0,0.0,0.0
Ningdong,Ningxia Hui Autonomous Region,宁东,宁夏回族自治区,,,,,,,0.0,0.0,0.0,1,0,0,0,0,0,0,0,0,0,0,0,0,0,0,0,0,0,0,0,0,0,0,0,0,0,0,0,0.0,0.0,0.0,0.0
Ürümqi,Xinjiang Uygur Autonomous Region,乌鲁木齐市,新疆维吾尔自治区,,,,2.0,1.0,0.0,1.0,1.0,1.0,1,1,0,0,2,2,0,3,3,1,1,0,0,0,1,2,0,0,0,0,0,0,0,0,0,0,0,0,0.0,0.0,0.0,0.0
Turpan,Xinjiang Uygur Autonomous Region,吐鲁番市,新疆维吾尔自治区,,,,0.0,0.0,0.0,0.0,1.0,0.0,0,0,0,0,0,0,0,0,0,0,0,0,0,0,0,0,1,1,0,0,0,0,0,0,0,0,0,0,0.0,0.0,0.0,0.0
Changji Hui Autonomous Prefecture,Xinjiang Uygur Autonomous Region,昌吉回族自治州,新疆维吾尔自治区,,,,0.0,0.0,0.0,0.0,0.0,0.0,0,0,0,0,0,1,1,0,0,0,0,1,1,0,0,0,0,0,0,0,0,0,0,0,0,0,0,0,0.0,0.0,0.0,0.0
Bayingolin Mongol Autonomous Prefecture,Xinjiang Uygur Autonomous Region,巴音郭楞蒙古自治州,新疆维吾尔自治区,,,,0.0,0.0,0.0,0.0,0.0,0.0,0,0,0,0,0,0,0,1,0,1,1,0,0,0,0,0,0,0,0,0,0,0,0,0,0,0,0,0,0.0,0.0,0.0,0.0
Ili Kazakh Autonomous Prefecture,Xinjiang Uygur Autonomous Region,伊犁哈萨克自治州,新疆维吾尔自治区,,,,0.0,0.0,1.0,0.0,1.0,2.0,0,1,0,0,1,1,2,0,0,0,1,0,0,2,2,0,2,0,2,0,0,0,0,0,0,0,0,0,0.0,0.0,0.0,0.0
Aksu Prefecture,Xinjiang Uygur Autonomous Region,阿克苏地区,新疆维吾尔自治区,,,,0.0,0.0,0.0,0.0,0.0,0.0,0,1,0,0,0,0,0,0,0,0,0,0,0,0,0,0,0,0,0,0,0,0,0,0,0,0,0,0,0.0,0.0,0.0,0.0
4th Division of Xinjiang Production and Construction Corps,Xinjiang Uygur Autonomous Region,兵团第四师,新疆维吾尔自治区,,,,0.0,0.0,0.0,0.0,0.0,0.0,0,0,0,0,0,0,0,0,0,0,0,3,4,2,1,0,0,0,0,0,0,0,0,0,0,0,0,0,0.0,0.0,0.0,0.0
Wujiaqu,Xinjiang Uygur Autonomous Region,兵团第六师五家渠市,新疆维吾尔自治区,,,,0.0,0.0,0.0,0.0,0.0,0.0,0,0,0,0,0,1,0,0,0,0,0,0,0,0,0,0,1,0,0,0,0,0,0,0,0,0,0,0,0.0,0.0,0.0,0.0
7th Division of Xinjiang Production and Construction Corps,Xinjiang Uygur Autonomous Region,兵团第七师,新疆维吾尔自治区,,,,0.0,0.0,0.0,0.0,1.0,0.0,0,0,0,0,0,0,0,0,0,0,0,0,0,0,0,0,0,0,0,0,0,0,0,0,0,0,0,0,0.0,0.0,0.0,0.0
Shihezi,Xinjiang Uygur Autonomous Region,兵团第八师石河子市,新疆维吾尔自治区,,,,0.0,0.0,0.0,0.0,1.0,0.0,0,0,0,0,0,0,0,0,0,0,0,0,1,0,0,0,1,0,0,1,0,0,0,0,0,0,0,0,0.0,0.0,0.0,0.0
9th Division of Xinjiang Production and Construction Corps,Xinjiang Uygur Autonomous Region,兵团第九师,新疆维吾尔自治区,,,,0.0,0.0,0.0,0.0,0.0,0.0,0,0,1,3,0,0,0,0,0,0,0,0,0,0,0,0,0,0,0,0,0,0,0,0,0,0,0,0,0.0,0.0,0.0,0.0
12th Division of Xinjiang Production and Construction Corps,Xinjiang Uygur Autonomous Region,兵团第十二师,新疆维吾尔自治区,,,,0.0,0.0,0.0,0.0,0.0,0.0,0,0,0,0,0,0,0,0,0,1,0,0,0,0,0,0,0,0,2,0,0,0,0,0,0,0,0,0,0.0,0.0,0.0,0.0
Altay Prefecture,Xinjiang Uygur Autonomous Region,阿勒泰地区,新疆维吾尔自治区,,,,0.0,0.0,0.0,0.0,0.0,0.0,0,0,0,0,0,0,0,0,0,0,0,0,0,0,0,0,0,0,0,0,0,0,0,0,0,0,0,0,0.0,0.0,0.0,0.0
Bortala Mongol Autonomous Prefecture,Xinjiang Uygur Autonomous Region,博尔塔拉蒙古自治州,新疆维吾尔自治区,,,,0.0,0.0,0.0,0.0,0.0,0.0,0,0,0,0,0,0,0,0,0,0,0,0,0,0,0,0,0,0,0,0,0,0,0,0,0,0,0,0,0.0,0.0,0.0,0.0
Hami,Xinjiang Uygur Autonomous Region,哈密市,新疆维吾尔自治区,,,,0.0,0.0,0.0,0.0,0.0,0.0,0,0,0,0,0,0,0,0,0,0,0,0,0,0,0,0,0,0,0,0,0,0,0,0,0,0,0,0,0.0,0.0,0.0,0.0
Hotan Prefecture,Xinjiang Uygur Autonomous Region,和田地区,新疆维吾尔自治区,,,,0.0,0.0,0.0,0.0,0.0,0.0,0,0,0,0,0,0,0,0,0,0,0,0,0,0,0,0,0,0,0,0,0,0,0,0,0,0,0,0,0.0,0.0,0.0,0.0
Karamay,Xinjiang Uygur Autonomous Region,克拉玛依市,新疆维吾尔自治区,,,,0.0,0.0,0.0,0.0,0.0,0.0,0,0,0,0,0,0,0,0,0,0,0,0,0,0,0,0,0,0,0,0,0,0,0,0,0,0,0,0,0.0,0.0,0.0,0.0
Kashi Prefecture,Xinjiang Uygur Autonomous Region,喀什地区,新疆维吾尔自治区,,,,0.0,0.0,0.0,0.0,0.0,0.0,0,0,0,0,0,0,0,0,0,0,0,0,0,0,0,0,0,0,0,0,0,0,0,0,0,0,0,0,0.0,0.0,0.0,0.0
Kizilsu Kirgiz Autonomous Prefecture,Xinjiang Uygur Autonomous Region,克孜勒苏柯尔克孜自治州,新疆维吾尔自治区,,,,0.0,0.0,0.0,0.0,0.0,0.0,0,0,0,0,0,0,0,0,0,0,0,0,0,0,0,0,0,0,0,0,0,0,0,0,0,0,0,0,0.0,0.0,0.0,0.0
Tarbaĝatay Prefecture,Xinjiang Uygur Autonomous Region,塔城地区,新疆维吾尔自治区,,,,0.0,0.0,0.0,0.0,0.0,0.0,0,0,0,0,0,0,0,0,0,0,0,0,0,0,0,0,0,0,0,0,0,0,0,0,0,0,0,0,0.0,0.0,0.0,0.0
Taipei City,Taiwan,台北市,台湾省,,0.0,0.0,0.0,1.0,0.0,1.0,0.0,0.0,0,0,0,0,0,0,0,0,3,0,1,1,0,0,0,0,0,0,0,0,0,0,0,0,0,0,0,0,0.0,0.0,0.0,
New Taipei City,Taiwan,新北市,台湾省,,0.0,0.0,0.0,0.0,0.0,0.0,0.0,0.0,0,0,0,0,0,0,0,0,0,0,0,0,0,0,0,0,0,0,0,0,0,1,0,2,0,2,2,1,1.0,0.0,0.0,
Taoyuan City,Taiwan,桃园市,台湾省,,0.0,0.0,0.0,0.0,0.0,0.0,0.0,0.0,0,0,0,0,0,0,1,0,0,0,0,0,0,0,0,0,0,0,0,0,0,0,0,0,0,0,0,0,0.0,0.0,2.0,
Taichung City,Taiwan,台中市,台湾省,,0.0,0.0,0.0,0.0,0.0,0.0,0.0,2.0,0,0,0,0,0,0,0,0,0,0,0,0,0,0,0,0,0,0,0,1,0,1,0,0,0,0,0,0,0.0,0.0,0.0,
Tainan City,Taiwan,台南市,台湾省,,0.0,0.0,0.0,0.0,0.0,0.0,0.0,0.0,0,0,0,0,0,0,0,0,1,0,0,0,0,0,0,0,0,0,0,0,0,0,0,0,0,0,0,0,0.0,0.0,0.0,
Kaohsiung City,Taiwan,高雄市,台湾省,,1.0,0.0,0.0,1.0,0.0,0.0,0.0,0.0,0,0,0,0,0,0,0,0,0,0,0,0,0,0,0,0,0,0,0,0,0,0,0,0,0,0,0,0,0.0,0.0,0.0,
Keelung City,Taiwan,基隆市,台湾省,,0.0,0.0,0.0,0.0,0.0,0.0,0.0,0.0,0,0,0,0,0,0,0,0,0,0,0,0,0,0,0,0,0,0,0,0,0,0,0,0,0,0,0,0,0.0,0.0,0.0,
Hsinchu City,Taiwan,新竹市,台湾省,,0.0,0.0,0.0,0.0,0.0,0.0,0.0,0.0,0,0,0,0,0,0,0,0,0,0,0,0,0,0,0,0,0,0,0,0,0,0,0,0,0,0,0,0,0.0,0.0,0.0,
Chiayi City,Taiwan,嘉义市,台湾省,,0.0,0.0,0.0,0.0,0.0,0.0,0.0,0.0,0,0,0,0,0,0,0,0,0,0,0,0,0,0,0,0,0,0,0,0,0,0,0,0,0,0,0,0,0.0,0.0,0.0,
Hsinchu County,Taiwan,新竹县,台湾省,,0.0,0.0,0.0,0.0,0.0,0.0,0.0,0.0,0,0,0,0,0,0,0,0,0,0,0,0,0,0,0,0,0,0,0,0,0,0,0,0,0,0,0,0,0.0,0.0,0.0,
Miaoli County,Taiwan,苗栗县,台湾省,,0.0,0.0,0.0,0.0,0.0,0.0,0.0,0.0,0,0,0,0,0,0,0,0,0,0,0,0,0,0,0,0,0,0,0,0,0,0,0,0,0,0,0,0,0.0,0.0,0.0,
Changhua County,Taiwan,彰化县,台湾省,,0.0,0.0,0.0,0.0,0.0,0.0,1.0,1.0,0,0,0,0,0,0,0,0,0,0,0,0,0,0,0,0,0,0,2,1,0,0,0,0,0,0,0,0,0.0,0.0,0.0,
Nantou County,Taiwan,南投县,台湾省,,0.0,0.0,0.0,0.0,0.0,0.0,0.0,0.0,0,1,0,0,0,1,0,0,0,0,0,0,0,0,0,0,0,0,0,0,0,0,0,0,0,0,0,0,0.0,0.0,0.0,
Yunlin County,Taiwan,云林县,台湾省,,0.0,0.0,0.0,0.0,0.0,0.0,0.0,0.0,0,0,0,0,0,0,0,0,0,0,0,0,0,0,0,0,0,0,0,0,0,0,0,0,0,0,0,0,0.0,0.0,0.0,
Chiayi County,Taiwan,嘉义县,台湾省,,0.0,0.0,0.0,0.0,0.0,0.0,0.0,0.0,0,0,0,0,0,0,0,0,0,0,0,0,0,0,0,0,0,0,0,0,0,0,0,0,0,0,0,0,0.0,0.0,0.0,
Pingtung County,Taiwan,屏东县,台湾省,,0.0,0.0,0.0,0.0,0.0,0.0,0.0,0.0,0,0,0,0,0,0,0,0,0,0,0,0,0,0,0,0,0,0,0,0,0,0,0,0,0,0,0,0,0.0,0.0,0.0,
Yilan County,Taiwan,宜兰县,台湾省,,0.0,0.0,0.0,0.0,0.0,0.0,0.0,0.0,0,0,0,0,0,0,0,0,1,0,0,0,0,0,0,0,0,0,0,0,0,0,0,0,0,0,0,0,0.0,0.0,0.0,
Taitung County,Taiwan,台东县,台湾省,,0.0,0.0,0.0,0.0,0.0,0.0,0.0,0.0,0,0,0,0,0,0,0,0,0,0,0,0,0,0,0,0,0,0,0,0,0,0,0,0,0,0,0,0,0.0,0.0,0.0,
Penghu County,Taiwan,澎湖县,台湾省,,0.0,0.0,0.0,0.0,0.0,0.0,0.0,0.0,0,0,0,0,0,0,0,0,0,0,0,0,0,0,0,0,0,0,0,0,0,0,0,0,0,0,0,0,0.0,0.0,0.0,
Hualien County,Taiwan,花莲县,台湾省,,0.0,0.0,0.0,0.0,0.0,0.0,0.0,0.0,0,0,0,0,0,0,0,0,0,0,0,0,0,0,0,0,0,0,0,0,0,0,0,0,0,0,0,0,0.0,0.0,0.0,
Hong Kong Special Administrative Region,Hong Kong Special Administrative Region,香港,香港特别行政区,,,,2.0,0.0,3.0,3.0,0.0,0.0,2,2,1,1,1,0,3,3,3,2,0,10,6,7,1,3,3,0,1,3,2,3,3,0,1,5,7,4,6.0,2.0,1.0,1.0
Macao Special Administrative Region,Macao Special Administrative Region,澳门,澳门特别行政区,,,,,,,,,1.0,0,0,0,0,1,0,2,0,0,0,0,0,0,0,0,0,0,0,0,0,0,0,0,0,0,0,0,0,0.0,0.0,0.0,0.0
